timestamp,component,type,severity
2025-03-20T11:22:30.841596,RAN,Packet Loss,3
2025-03-18T20:45:30.841646,Server,Packet Loss,5
2025-03-21T01:57:30.841653,Server,Packet Loss,1
2025-03-21T07:33:30.841659,RAN,Packet Loss,4
2025-03-16T20:37:30.841664,Switch,Packet Loss,1
2025-03-15T10:58:30.841670,Router,Link Failure,2
2025-03-21T01:57:30.841685,DWDM,Packet Loss,1
2025-03-15T07:41:30.841690,Switch,Hardware Fault,1
2025-03-20T11:27:30.841695,Switch,Packet Loss,2
2025-03-21T02:30:30.841701,DWDM,Packet Loss,5
2025-03-17T14:35:30.841706,RAN,Packet Loss,1
2025-03-19T13:14:30.841711,Switch,Link Failure,2
2025-03-18T14:06:30.841716,DWDM,High Latency,2
2025-03-16T08:38:30.841722,Router,Packet Loss,2
2025-03-20T23:51:30.841727,RAN,Packet Loss,2
2025-03-16T10:45:30.841732,DWDM,Packet Loss,2
2025-03-16T03:32:30.841737,RAN,High Latency,4
2025-03-18T02:31:30.841743,Server,Link Failure,2
2025-03-19T23:44:30.841748,Switch,Link Failure,1
2025-03-16T07:51:30.841762,DWDM,Packet Loss,5
2025-03-20T14:11:30.841767,RAN,Hardware Fault,4
2025-03-21T03:44:30.841772,RAN,Link Failure,3
2025-03-17T22:50:30.841777,Switch,Packet Loss,2
2025-03-16T21:29:30.841781,RAN,Hardware Fault,2
2025-03-19T23:55:30.841786,Switch,Packet Loss,3
2025-03-16T03:26:30.841791,Server,Link Failure,1
2025-03-21T03:18:30.841796,Router,Hardware Fault,2
2025-03-15T10:25:30.841801,Switch,Link Failure,1
2025-03-16T20:24:30.841806,RAN,Hardware Fault,5
2025-03-16T23:38:30.841811,RAN,Packet Loss,2
2025-03-18T22:45:30.841816,Server,Hardware Fault,1
2025-03-14T16:40:30.841820,Server,Link Failure,5
2025-03-19T13:03:30.841825,DWDM,Link Failure,1
2025-03-17T01:54:30.841832,RAN,High Latency,2
2025-03-17T03:24:30.841837,DWDM,Hardware Fault,3
2025-03-14T15:38:30.841843,RAN,High Latency,1
2025-03-17T08:12:30.841847,Server,Hardware Fault,2
2025-03-21T04:24:30.841854,DWDM,High Latency,3
2025-03-21T00:16:30.841859,DWDM,Packet Loss,5
2025-03-14T16:57:30.841864,Switch,Link Failure,2
2025-03-20T07:37:30.841871,Switch,Packet Loss,5
2025-03-17T14:52:30.841876,Switch,Link Failure,2
2025-03-15T11:26:30.841881,DWDM,Link Failure,2
2025-03-14T17:05:30.841885,Server,High Latency,3
2025-03-14T14:33:30.841890,Server,Packet Loss,5
2025-03-15T18:50:30.841896,Router,Link Failure,4
2025-03-20T16:46:30.841901,RAN,Packet Loss,1
2025-03-20T03:17:30.841906,Switch,Link Failure,1
2025-03-20T22:32:30.841911,Server,Packet Loss,5
2025-03-16T05:40:30.841916,DWDM,Hardware Fault,5
2025-03-21T11:05:30.841921,Router,High Latency,2
2025-03-20T09:50:30.841928,RAN,High Latency,5
2025-03-18T09:33:30.841933,Router,Packet Loss,4
2025-03-20T12:38:30.841939,Switch,Link Failure,1
2025-03-15T10:37:30.841944,Router,Hardware Fault,3
2025-03-19T07:00:30.841948,DWDM,Packet Loss,3
2025-03-21T06:32:30.841953,Router,Hardware Fault,4
2025-03-16T08:32:30.841958,DWDM,Packet Loss,4
2025-03-17T06:21:30.841963,DWDM,Link Failure,1
2025-03-17T19:46:30.841968,DWDM,High Latency,2
2025-03-17T21:19:30.841973,RAN,Packet Loss,4
2025-03-15T16:41:30.841978,RAN,Packet Loss,1
2025-03-18T11:57:30.841983,DWDM,Hardware Fault,5
2025-03-18T23:19:30.841988,RAN,Hardware Fault,4
2025-03-17T07:20:30.841993,DWDM,Link Failure,1
2025-03-16T20:09:30.841998,Server,Packet Loss,1
2025-03-19T19:20:30.842003,Switch,Link Failure,1
2025-03-18T08:09:30.842008,Switch,Packet Loss,1
2025-03-15T12:52:30.842014,Router,Packet Loss,2
2025-03-21T06:45:30.842019,Router,Hardware Fault,2
2025-03-14T21:20:30.842023,Router,Packet Loss,4
2025-03-15T04:39:30.842028,Switch,Hardware Fault,2
2025-03-16T08:43:30.842033,DWDM,Link Failure,2
2025-03-20T18:53:30.842038,Switch,Link Failure,2
2025-03-21T03:52:30.842043,RAN,High Latency,4
2025-03-15T00:09:30.842049,RAN,Packet Loss,4
2025-03-16T11:43:30.842054,Router,Packet Loss,4
2025-03-17T17:42:30.842059,DWDM,Link Failure,3
2025-03-18T07:29:30.842064,RAN,High Latency,4
2025-03-21T08:56:30.842069,Router,Packet Loss,3
2025-03-19T04:40:30.842074,RAN,Link Failure,3
2025-03-15T07:33:30.842079,RAN,Packet Loss,5
2025-03-20T15:10:30.842084,Switch,Hardware Fault,2
2025-03-19T02:57:30.842090,DWDM,Packet Loss,1
2025-03-18T13:09:30.842097,DWDM,High Latency,1
2025-03-15T14:48:30.842102,Router,Packet Loss,5
2025-03-15T14:24:30.842106,RAN,High Latency,3
2025-03-21T08:08:30.842112,Router,Hardware Fault,4
2025-03-20T12:12:30.842117,Server,Hardware Fault,5
2025-03-17T14:24:30.842122,RAN,High Latency,3
2025-03-15T05:23:30.842127,Server,Link Failure,5
2025-03-20T06:05:30.842132,Router,Link Failure,4
2025-03-17T19:35:30.842137,Router,Packet Loss,3
2025-03-17T15:24:30.842142,Switch,Hardware Fault,2
2025-03-18T06:13:30.842148,Router,Packet Loss,3
2025-03-16T02:18:30.842152,Router,High Latency,3
2025-03-20T19:32:30.842157,DWDM,Hardware Fault,3
2025-03-17T00:34:30.842162,RAN,Hardware Fault,1
2025-03-15T15:46:30.842167,Router,High Latency,5
2025-03-19T20:46:30.842172,Router,High Latency,3
2025-03-15T15:12:30.842177,Server,Hardware Fault,4
2025-03-17T11:48:30.842181,Switch,Packet Loss,5
2025-03-17T06:30:30.842186,Router,Packet Loss,4
2025-03-19T03:55:30.842191,Switch,Hardware Fault,2
2025-03-15T01:34:30.842196,Server,Packet Loss,2
2025-03-20T18:28:30.842201,Router,High Latency,4
2025-03-16T07:26:30.842206,Server,High Latency,2
2025-03-14T17:33:30.842211,Server,High Latency,4
2025-03-19T04:34:30.842216,Server,High Latency,5
2025-03-19T02:25:30.842221,RAN,Hardware Fault,4
2025-03-21T00:51:30.842226,Router,High Latency,4
2025-03-20T17:52:30.842231,Switch,High Latency,2
2025-03-19T02:11:30.842236,RAN,High Latency,3
2025-03-14T18:52:30.842241,Server,Hardware Fault,3
2025-03-17T23:49:30.842246,DWDM,Packet Loss,2
2025-03-20T06:35:30.842252,DWDM,Hardware Fault,5
2025-03-17T18:19:30.842257,Router,High Latency,1
2025-03-20T13:38:30.842263,Switch,Packet Loss,5
2025-03-16T21:46:30.842268,Switch,Link Failure,3
2025-03-19T18:22:30.842273,Server,High Latency,4
2025-03-15T21:44:30.842278,DWDM,Packet Loss,4
2025-03-17T03:39:30.842283,Router,Packet Loss,4
2025-03-19T03:50:30.842287,Server,Packet Loss,5
2025-03-20T12:45:30.842292,Server,Packet Loss,1
2025-03-19T10:13:30.842297,RAN,Link Failure,4
2025-03-21T08:40:30.842302,Router,High Latency,4
2025-03-20T15:52:30.842307,DWDM,Hardware Fault,1
2025-03-17T06:14:30.842312,Server,Packet Loss,2
2025-03-17T20:33:30.842317,Switch,Link Failure,3
2025-03-15T05:47:30.842321,DWDM,Packet Loss,3
2025-03-16T17:21:30.842326,Router,Packet Loss,5
2025-03-20T00:36:30.842331,Switch,Hardware Fault,2
2025-03-14T17:54:30.842336,RAN,Packet Loss,1
2025-03-19T02:28:30.842341,Server,Link Failure,2
2025-03-20T05:46:30.842346,Switch,Hardware Fault,1
2025-03-15T12:27:30.842351,Switch,Link Failure,5
2025-03-15T20:29:30.842356,Server,High Latency,4
2025-03-15T18:03:30.842361,Server,Link Failure,1
2025-03-15T02:58:30.842366,DWDM,Hardware Fault,4
2025-03-18T20:32:30.842371,Router,Packet Loss,1
2025-03-18T04:44:30.842375,DWDM,High Latency,1
2025-03-17T11:19:30.842380,DWDM,Hardware Fault,4
2025-03-16T02:11:30.842385,Server,Hardware Fault,2
2025-03-15T22:27:30.842390,Server,Packet Loss,1
2025-03-18T10:27:30.842395,Server,Packet Loss,3
2025-03-16T02:50:30.842400,Router,Hardware Fault,3
2025-03-18T10:08:30.842405,Router,Link Failure,2
2025-03-21T01:31:30.842411,Switch,Packet Loss,4
2025-03-17T21:39:30.842418,Switch,Hardware Fault,2
2025-03-20T21:13:30.842423,Switch,Link Failure,3
2025-03-19T09:28:30.842428,Router,Packet Loss,4
2025-03-18T09:34:30.842433,DWDM,Hardware Fault,2
2025-03-20T01:44:30.842438,Router,Link Failure,2
2025-03-14T16:47:30.842443,DWDM,High Latency,1
2025-03-20T22:26:30.842448,RAN,Hardware Fault,2
2025-03-17T06:25:30.842453,RAN,Hardware Fault,1
2025-03-20T05:16:30.842458,Router,High Latency,4
2025-03-17T05:09:30.842462,Server,Hardware Fault,4
2025-03-18T16:36:30.842467,Switch,Packet Loss,2
2025-03-17T10:38:30.842473,Switch,Hardware Fault,2
2025-03-20T07:33:30.842478,Switch,Link Failure,3
2025-03-17T12:37:30.842483,DWDM,High Latency,3
2025-03-16T16:03:30.842488,Switch,Hardware Fault,3
2025-03-19T18:09:30.842493,Switch,Link Failure,4
2025-03-16T14:55:30.842498,DWDM,High Latency,3
2025-03-16T01:03:30.842503,Router,High Latency,5
2025-03-14T18:20:30.842508,Server,Hardware Fault,4
2025-03-19T08:15:30.842512,Switch,Link Failure,1
2025-03-18T01:49:30.842517,Router,Link Failure,3
2025-03-17T12:18:30.842522,Server,Hardware Fault,1
2025-03-17T03:27:30.842527,RAN,High Latency,2
2025-03-15T19:10:30.842532,Router,Packet Loss,4
2025-03-16T21:01:30.842537,DWDM,Packet Loss,5
2025-03-15T04:23:30.842542,DWDM,Link Failure,3
2025-03-17T05:53:30.842547,Switch,High Latency,2
2025-03-17T03:33:30.842552,Server,Hardware Fault,5
2025-03-17T13:21:30.842557,Router,High Latency,4
2025-03-18T06:45:30.842563,Router,Link Failure,5
2025-03-15T03:24:30.842568,DWDM,Packet Loss,4
2025-03-17T10:51:30.842575,RAN,Packet Loss,4
2025-03-17T17:10:30.842580,RAN,Hardware Fault,1
2025-03-16T08:49:30.842585,Router,Packet Loss,1
2025-03-18T21:01:30.842591,RAN,Hardware Fault,3
2025-03-16T11:45:30.842595,Router,Packet Loss,3
2025-03-17T13:59:30.842600,Server,Packet Loss,3
2025-03-18T20:47:30.842605,Server,Hardware Fault,1
2025-03-17T10:17:30.842610,Switch,Link Failure,1
2025-03-14T13:55:30.842615,DWDM,Link Failure,5
2025-03-21T09:15:30.842620,RAN,Hardware Fault,4
2025-03-20T05:29:30.842625,Router,Link Failure,2
2025-03-17T16:34:30.842630,Switch,Packet Loss,1
2025-03-17T08:25:30.842635,Router,Hardware Fault,2
2025-03-17T21:01:30.842640,Router,High Latency,1
2025-03-16T23:35:30.842644,DWDM,Hardware Fault,4
2025-03-17T12:25:30.842649,DWDM,High Latency,2
2025-03-20T23:40:30.842654,RAN,Hardware Fault,2
2025-03-20T06:10:30.842659,RAN,Link Failure,2
2025-03-20T02:05:30.842664,Router,Packet Loss,4
2025-03-21T05:07:30.842669,Server,High Latency,4
2025-03-16T17:14:30.842678,RAN,Packet Loss,1
2025-03-16T16:30:30.842683,Router,Packet Loss,2
2025-03-18T18:49:30.842690,Router,Link Failure,2
2025-03-14T15:50:30.842695,Switch,Link Failure,5
2025-03-14T18:10:30.842700,Server,Link Failure,3
2025-03-18T14:32:30.842705,Router,Packet Loss,4
2025-03-15T14:57:30.842709,Router,Packet Loss,4
2025-03-17T03:57:30.842714,Switch,Hardware Fault,5
2025-03-20T19:21:30.842719,Router,Hardware Fault,1
2025-03-15T14:58:30.842724,Server,Hardware Fault,4
2025-03-17T03:50:30.842729,Router,Link Failure,1
2025-03-16T08:22:30.842734,Server,High Latency,3
2025-03-19T04:37:30.842740,Server,Link Failure,5
2025-03-20T13:10:30.842747,Router,High Latency,3
2025-03-17T00:12:30.842752,Switch,Link Failure,2
2025-03-15T00:42:30.842757,DWDM,High Latency,4
2025-03-15T06:57:30.842762,DWDM,Link Failure,2
2025-03-15T12:36:30.842767,DWDM,Hardware Fault,1
2025-03-15T20:21:30.842771,DWDM,Link Failure,5
2025-03-20T15:38:30.842776,DWDM,Packet Loss,4
2025-03-15T13:00:30.842781,RAN,Link Failure,2
2025-03-14T22:34:30.842786,Server,Packet Loss,2
2025-03-20T17:47:30.842791,Server,High Latency,1
2025-03-15T06:52:30.842796,Router,Packet Loss,4
2025-03-14T23:16:30.842801,Router,High Latency,4
2025-03-21T08:43:30.842805,Server,High Latency,1
2025-03-17T09:06:30.842810,RAN,Hardware Fault,5
2025-03-21T08:21:30.842815,RAN,Link Failure,2
2025-03-20T08:22:30.842820,DWDM,Packet Loss,1
2025-03-20T09:00:30.842825,DWDM,High Latency,5
2025-03-14T21:45:30.842830,RAN,Packet Loss,4
2025-03-20T10:43:30.842835,Server,Packet Loss,5
2025-03-17T16:51:30.842840,Server,Hardware Fault,1
2025-03-21T00:44:30.842845,RAN,Packet Loss,3
2025-03-16T02:18:30.842850,Server,Packet Loss,4
2025-03-15T07:50:30.842856,Switch,Hardware Fault,3
2025-03-14T17:29:30.842862,Router,High Latency,5
2025-03-14T14:20:30.842867,DWDM,Hardware Fault,4
2025-03-21T02:18:30.842872,RAN,Packet Loss,3
2025-03-17T04:21:30.842878,RAN,Link Failure,4
2025-03-15T07:13:30.842883,DWDM,Hardware Fault,5
2025-03-19T01:38:30.842888,DWDM,Link Failure,4
2025-03-20T12:32:30.842892,Router,High Latency,3
2025-03-15T10:52:30.842897,Server,High Latency,5
2025-03-15T23:47:30.842905,Router,Hardware Fault,4
2025-03-20T11:17:30.842910,Switch,Packet Loss,1
2025-03-21T02:01:30.842915,Server,High Latency,4
2025-03-16T07:57:30.842920,Switch,Link Failure,4
2025-03-19T06:03:30.842924,Switch,Hardware Fault,3
2025-03-18T06:56:30.842930,RAN,Packet Loss,2
2025-03-17T15:11:30.842934,Switch,High Latency,4
2025-03-19T18:11:30.842939,Server,Hardware Fault,2
2025-03-20T10:28:30.842944,Server,High Latency,1
2025-03-18T16:47:30.842949,Server,Link Failure,4
2025-03-15T22:34:30.842953,DWDM,Packet Loss,5
2025-03-19T18:53:30.842958,DWDM,Packet Loss,4
2025-03-20T20:51:30.842963,Server,Link Failure,3
2025-03-16T06:55:30.842968,DWDM,Packet Loss,4
2025-03-19T11:27:30.842973,RAN,Packet Loss,5
2025-03-20T11:34:30.842978,DWDM,High Latency,2
2025-03-15T09:24:30.842983,RAN,Packet Loss,4
2025-03-15T15:34:30.842987,DWDM,Packet Loss,3
2025-03-15T16:08:30.842992,DWDM,Packet Loss,5
2025-03-19T04:20:30.842998,Server,Hardware Fault,5
2025-03-16T15:05:30.843003,Router,Hardware Fault,3
2025-03-19T04:33:30.843008,Server,Hardware Fault,4
2025-03-15T19:26:30.843013,DWDM,High Latency,3
2025-03-17T04:13:30.843017,Server,Hardware Fault,5
2025-03-20T00:09:30.843022,Server,Packet Loss,4
2025-03-20T23:46:30.843027,RAN,Hardware Fault,5
2025-03-19T21:51:30.843032,Switch,Hardware Fault,5
2025-03-21T04:45:30.843037,Switch,High Latency,3
2025-03-15T03:02:30.843043,DWDM,Hardware Fault,1
2025-03-20T16:34:30.843048,Router,Packet Loss,5
2025-03-17T22:07:30.843053,Server,Hardware Fault,2
2025-03-17T02:19:30.843058,Router,Packet Loss,5
2025-03-19T08:49:30.843064,RAN,Hardware Fault,1
2025-03-17T19:47:30.843070,DWDM,Link Failure,3
2025-03-18T23:22:30.843075,RAN,Link Failure,3
2025-03-17T01:30:30.843080,DWDM,Packet Loss,4
2025-03-17T23:35:30.843085,RAN,Link Failure,1
2025-03-16T09:06:30.843090,Router,Link Failure,3
2025-03-21T09:48:30.843095,RAN,High Latency,4
2025-03-16T19:02:30.843100,RAN,Link Failure,4
2025-03-20T19:01:30.843104,Switch,Link Failure,1
2025-03-16T19:02:30.843109,Server,Link Failure,3
2025-03-21T02:04:30.843115,Router,Hardware Fault,3
2025-03-16T12:32:30.843120,DWDM,Packet Loss,4
2025-03-14T23:29:30.843125,Switch,Packet Loss,2
2025-03-15T14:52:30.843130,Server,Link Failure,2
2025-03-17T03:16:30.843134,Switch,High Latency,1
2025-03-15T07:51:30.843139,Server,Hardware Fault,4
2025-03-18T21:00:30.843144,Switch,Link Failure,3
2025-03-17T06:18:30.843149,RAN,High Latency,4
2025-03-16T16:59:30.843154,Router,Link Failure,4
2025-03-19T12:57:30.843159,RAN,Hardware Fault,5
2025-03-19T11:52:30.843164,Server,Packet Loss,5
2025-03-15T09:35:30.843169,Server,Hardware Fault,3
2025-03-19T19:21:30.843174,Switch,Packet Loss,2
2025-03-19T08:55:30.843179,Switch,Hardware Fault,5
2025-03-20T12:40:30.843183,Server,Link Failure,3
2025-03-18T22:02:30.843188,DWDM,Packet Loss,2
2025-03-15T03:17:30.843193,DWDM,Packet Loss,1
2025-03-20T04:43:30.843198,Switch,Link Failure,5
2025-03-18T06:08:30.843203,Router,Link Failure,4
2025-03-16T21:01:30.843208,RAN,Hardware Fault,4
2025-03-20T02:57:30.843213,Switch,Link Failure,3
2025-03-16T14:34:30.843218,RAN,Packet Loss,3
2025-03-19T05:38:30.843224,RAN,Hardware Fault,5
2025-03-20T11:13:30.843229,Router,Packet Loss,2
2025-03-18T04:22:30.843234,Server,High Latency,2
2025-03-17T18:16:30.843239,Server,Packet Loss,3
2025-03-19T18:49:30.843245,Switch,Link Failure,4
2025-03-16T12:34:30.843250,Server,Hardware Fault,4
2025-03-15T13:23:30.843254,Router,Packet Loss,4
2025-03-18T07:38:30.843259,Router,High Latency,3
2025-03-21T03:34:30.843264,DWDM,High Latency,4
2025-03-16T12:34:30.843269,RAN,High Latency,3
2025-03-18T05:01:30.843274,DWDM,High Latency,1
2025-03-18T09:16:30.843279,DWDM,Link Failure,4
2025-03-18T20:37:30.843283,Switch,Link Failure,3
2025-03-14T18:23:30.843288,Switch,Packet Loss,5
2025-03-16T13:19:30.843293,Router,Link Failure,2
2025-03-20T09:43:30.843298,Router,Packet Loss,1
2025-03-20T02:24:30.843303,DWDM,Link Failure,4
2025-03-16T17:18:30.843308,RAN,Hardware Fault,3
2025-03-16T21:20:30.843313,Server,Hardware Fault,1
2025-03-14T23:14:30.843318,Server,Packet Loss,1
2025-03-20T09:45:30.843323,DWDM,Hardware Fault,3
2025-03-17T22:00:30.843328,RAN,Hardware Fault,2
2025-03-20T12:21:30.843333,RAN,Hardware Fault,2
2025-03-15T05:10:30.843338,Server,Link Failure,5
2025-03-18T18:11:30.843342,Server,Hardware Fault,4
2025-03-18T16:46:30.843348,Router,Hardware Fault,2
2025-03-17T05:21:30.843352,Switch,High Latency,3
2025-03-20T19:17:30.843357,Server,High Latency,3
2025-03-18T01:54:30.843362,Switch,Packet Loss,2
2025-03-18T02:15:30.843367,Router,Packet Loss,2
2025-03-16T02:33:30.843372,Switch,High Latency,4
2025-03-17T18:45:30.843377,Server,Link Failure,1
2025-03-20T11:10:30.843384,DWDM,Packet Loss,1
2025-03-20T10:52:30.843389,Server,Packet Loss,1
2025-03-19T22:58:30.843394,DWDM,Link Failure,5
2025-03-15T22:12:30.843399,DWDM,Packet Loss,5
2025-03-19T13:30:30.843404,Server,Packet Loss,3
2025-03-16T18:19:30.843409,Server,Packet Loss,4
2025-03-18T11:37:30.843414,Router,Hardware Fault,2
2025-03-18T03:45:30.843419,DWDM,Packet Loss,4
2025-03-20T14:58:30.843428,Server,Hardware Fault,4
2025-03-19T19:51:30.843433,Router,Link Failure,1
2025-03-18T03:43:30.843438,Switch,High Latency,4
2025-03-19T09:39:30.843443,RAN,Link Failure,5
2025-03-20T11:22:30.843448,DWDM,Hardware Fault,4
2025-03-20T16:31:30.843453,Server,Link Failure,2
2025-03-20T14:28:30.843458,Switch,High Latency,1
2025-03-15T06:56:30.843463,Router,Hardware Fault,4
2025-03-18T11:34:30.843468,Router,Packet Loss,2
2025-03-17T18:02:30.843473,DWDM,Packet Loss,3
2025-03-17T05:08:30.843478,Switch,Packet Loss,5
2025-03-14T16:46:30.843483,Router,Hardware Fault,4
2025-03-19T03:07:30.843488,Switch,Hardware Fault,4
2025-03-17T15:01:30.843492,RAN,Packet Loss,3
2025-03-17T19:02:30.843497,RAN,Hardware Fault,4
2025-03-17T11:06:30.843502,Server,Hardware Fault,5
2025-03-15T14:29:30.843507,DWDM,High Latency,1
2025-03-15T07:25:30.843512,Server,Link Failure,3
2025-03-17T00:05:30.843518,Server,Hardware Fault,3
2025-03-16T11:17:30.843523,Server,Link Failure,1
2025-03-16T09:23:30.843528,Server,Hardware Fault,1
2025-03-18T10:29:30.843533,Server,High Latency,5
2025-03-15T20:31:30.843538,RAN,Packet Loss,1
2025-03-18T09:16:30.843543,Router,Hardware Fault,2
2025-03-16T10:35:30.843549,RAN,Packet Loss,5
2025-03-21T03:39:30.843554,Router,Packet Loss,5
2025-03-14T21:56:30.843559,Switch,High Latency,1
2025-03-20T19:20:30.843564,RAN,High Latency,3
2025-03-16T22:11:30.843568,Switch,Link Failure,2
2025-03-17T14:39:30.843573,DWDM,High Latency,1
2025-03-15T16:49:30.843578,Server,Packet Loss,4
2025-03-21T07:48:30.843583,Switch,High Latency,3
2025-03-14T21:58:30.843588,RAN,Link Failure,4
2025-03-20T15:26:30.843592,RAN,Hardware Fault,2
2025-03-17T12:34:30.843597,RAN,Link Failure,2
2025-03-20T05:27:30.843602,Router,Link Failure,1
2025-03-16T11:25:30.843607,Switch,Hardware Fault,1
2025-03-16T05:51:30.843612,RAN,High Latency,1
2025-03-14T22:24:30.843617,Router,Packet Loss,5
2025-03-18T10:20:30.843622,RAN,Packet Loss,5
2025-03-15T14:37:30.843626,DWDM,Link Failure,1
2025-03-20T08:08:30.843632,Switch,High Latency,4
2025-03-19T20:28:30.843637,RAN,Link Failure,4
2025-03-19T15:58:30.843642,DWDM,Link Failure,3
2025-03-16T12:20:30.843648,Switch,Link Failure,1
2025-03-20T20:15:30.843652,Server,Link Failure,5
2025-03-18T09:51:30.843657,Server,Link Failure,5
2025-03-15T03:37:30.843662,Router,Link Failure,4
2025-03-19T12:34:30.843667,Router,Packet Loss,4
2025-03-15T12:09:30.843672,RAN,Packet Loss,5
2025-03-21T06:32:30.843681,RAN,Link Failure,2
2025-03-19T05:55:30.843686,RAN,Link Failure,2
2025-03-17T02:32:30.843690,Switch,Hardware Fault,5
2025-03-16T21:06:30.843696,DWDM,Hardware Fault,4
2025-03-16T19:39:30.843701,DWDM,Hardware Fault,1
2025-03-20T10:49:30.843706,Router,Link Failure,4
2025-03-18T16:38:30.843713,Server,High Latency,3
2025-03-19T11:36:30.843718,DWDM,Packet Loss,5
2025-03-14T23:05:30.843723,RAN,Packet Loss,2
2025-03-20T22:23:30.843728,Router,Link Failure,5
2025-03-16T21:28:30.843733,Router,High Latency,5
2025-03-17T09:50:30.843737,Server,High Latency,4
2025-03-15T08:10:30.843742,Server,Hardware Fault,5
2025-03-16T17:18:30.843748,Switch,Hardware Fault,3
2025-03-15T10:58:30.843753,Server,Packet Loss,2
2025-03-15T05:30:30.843758,DWDM,Hardware Fault,5
2025-03-20T17:23:30.843767,DWDM,Packet Loss,2
2025-03-17T22:58:30.843772,Router,Packet Loss,4
2025-03-19T07:14:30.843776,Switch,High Latency,2
2025-03-17T15:12:30.843781,Switch,High Latency,5
2025-03-14T13:52:30.843786,RAN,Hardware Fault,5
2025-03-19T18:15:30.843791,Router,Link Failure,2
2025-03-15T19:16:30.843796,Switch,Hardware Fault,2
2025-03-17T15:01:30.843801,Switch,Link Failure,3
2025-03-19T04:44:30.843806,Switch,Link Failure,3
2025-03-20T06:26:30.843811,Router,Link Failure,1
2025-03-16T07:00:30.843815,RAN,Link Failure,4
2025-03-17T11:12:30.843821,Server,Packet Loss,2
2025-03-18T07:29:30.843825,DWDM,Link Failure,3
2025-03-18T03:42:30.843831,Router,High Latency,5
2025-03-15T08:26:30.843836,Switch,High Latency,3
2025-03-19T14:45:30.843841,Router,Hardware Fault,4
2025-03-16T08:36:30.843845,Server,Packet Loss,2
2025-03-20T20:15:30.843851,RAN,Packet Loss,4
2025-03-17T04:58:30.843857,Server,Packet Loss,2
2025-03-20T20:30:30.843863,DWDM,Packet Loss,5
2025-03-16T16:42:30.843868,DWDM,Hardware Fault,2
2025-03-17T04:53:30.843874,Server,High Latency,5
2025-03-15T13:53:30.843881,RAN,High Latency,5
2025-03-15T23:31:30.843886,Server,Link Failure,1
2025-03-16T08:44:30.843891,Server,Packet Loss,3
2025-03-20T20:18:30.843896,Router,Link Failure,4
2025-03-15T07:02:30.843901,Server,Packet Loss,3
2025-03-15T17:19:30.843906,Router,Packet Loss,5
2025-03-16T08:23:30.843911,Server,Link Failure,1
2025-03-15T04:12:30.843916,DWDM,Link Failure,1
2025-03-19T19:17:30.843921,Switch,Link Failure,4
2025-03-16T07:27:30.843926,Switch,Packet Loss,3
2025-03-17T21:35:30.843931,Router,Packet Loss,4
2025-03-15T15:05:30.843935,Router,Hardware Fault,1
2025-03-21T00:38:30.843940,Router,Hardware Fault,3
2025-03-15T17:24:30.843945,RAN,High Latency,3
2025-03-20T12:16:30.843950,Router,High Latency,1
2025-03-19T16:15:30.843955,RAN,High Latency,3
2025-03-17T20:44:30.843960,DWDM,Packet Loss,2
2025-03-19T01:09:30.843965,DWDM,Packet Loss,2
2025-03-19T18:47:30.843970,Router,Packet Loss,2
2025-03-14T22:42:30.843975,Server,Link Failure,1
2025-03-19T21:01:30.843980,Server,Hardware Fault,1
2025-03-18T16:43:30.843985,DWDM,Link Failure,3
2025-03-18T12:53:30.843991,Switch,High Latency,5
2025-03-19T12:31:30.843996,RAN,High Latency,3
2025-03-15T16:27:30.844001,Switch,High Latency,1
2025-03-17T20:55:30.844005,Switch,Hardware Fault,2
2025-03-19T15:59:30.844010,DWDM,Link Failure,3
2025-03-20T09:03:30.844015,RAN,Link Failure,3
2025-03-19T10:05:30.844020,Server,High Latency,4
2025-03-17T18:56:30.844025,Switch,High Latency,1
2025-03-20T09:06:30.844030,DWDM,High Latency,4
2025-03-15T06:21:30.844034,Server,Hardware Fault,4
2025-03-15T01:34:30.844041,RAN,Packet Loss,5
2025-03-15T21:43:30.844046,Server,Hardware Fault,5
2025-03-19T04:25:30.844051,DWDM,Packet Loss,5
2025-03-17T03:04:30.844055,Server,High Latency,3
2025-03-18T05:59:30.844061,DWDM,Link Failure,1
2025-03-19T11:38:30.844065,RAN,Hardware Fault,1
2025-03-16T20:07:30.844072,Server,Link Failure,5
2025-03-15T07:12:30.844077,RAN,Packet Loss,2
2025-03-18T11:57:30.844082,Router,Link Failure,3
2025-03-18T09:41:30.844086,RAN,Hardware Fault,5
2025-03-16T10:49:30.844093,RAN,Hardware Fault,3
2025-03-16T02:34:30.844098,RAN,Link Failure,4
2025-03-14T20:09:30.844103,DWDM,Packet Loss,4
2025-03-15T09:28:30.844108,Server,Packet Loss,5
2025-03-16T22:29:30.844113,RAN,Packet Loss,1
2025-03-15T12:43:30.844118,Switch,Packet Loss,5
2025-03-17T17:08:30.844123,DWDM,High Latency,1
2025-03-17T02:30:30.844128,DWDM,Link Failure,3
2025-03-20T11:56:30.844132,RAN,Packet Loss,3
2025-03-17T14:31:30.844138,Server,Hardware Fault,4
2025-03-19T10:49:30.844143,Switch,Hardware Fault,4
2025-03-19T00:41:30.844147,Router,Packet Loss,1
2025-03-20T20:52:30.844152,Server,Packet Loss,2
2025-03-18T15:13:30.844157,Router,Packet Loss,5
2025-03-17T09:21:30.844162,DWDM,Packet Loss,3
2025-03-17T14:36:30.844167,DWDM,Hardware Fault,5
2025-03-15T02:18:30.844172,Server,Link Failure,5
2025-03-19T11:27:30.844177,Server,Hardware Fault,2
2025-03-19T02:54:30.844182,RAN,High Latency,5
2025-03-16T09:06:30.844187,Server,High Latency,3
2025-03-20T05:09:30.844192,Router,Packet Loss,1
2025-03-16T14:57:30.844197,DWDM,Hardware Fault,1
2025-03-20T00:15:30.844202,Switch,Hardware Fault,3
2025-03-18T09:13:30.844207,Switch,Packet Loss,5
2025-03-19T19:21:30.844212,Switch,Packet Loss,4
2025-03-17T04:30:30.844217,Server,Hardware Fault,3
2025-03-15T13:19:30.844222,Server,Link Failure,2
2025-03-18T23:12:30.844227,Server,Link Failure,1
2025-03-18T05:24:30.844231,RAN,High Latency,1
2025-03-18T16:18:30.844236,Router,Hardware Fault,3
2025-03-16T04:11:30.844241,DWDM,Packet Loss,5
2025-03-16T20:04:30.844246,RAN,Link Failure,3
2025-03-18T08:20:30.844252,DWDM,Link Failure,2
2025-03-18T09:54:30.844256,DWDM,High Latency,4
2025-03-19T14:34:30.844261,DWDM,Packet Loss,1
2025-03-18T22:19:30.844266,Server,Packet Loss,2
2025-03-15T11:42:30.844271,Server,Link Failure,1
2025-03-17T22:56:30.844276,DWDM,High Latency,3
2025-03-18T16:19:30.844282,Switch,Packet Loss,2
2025-03-16T17:39:30.844287,DWDM,High Latency,2
2025-03-17T17:59:30.844292,Switch,High Latency,3
2025-03-15T15:09:30.844297,Router,Packet Loss,5
2025-03-20T04:47:30.844301,Router,High Latency,1
2025-03-18T14:20:30.844307,RAN,High Latency,5
2025-03-16T11:53:30.844312,DWDM,Link Failure,2
2025-03-16T09:36:30.844317,RAN,Packet Loss,4
2025-03-18T03:57:30.844322,RAN,Packet Loss,3
2025-03-19T09:08:30.844327,Router,Link Failure,3
2025-03-14T15:32:30.844331,RAN,High Latency,1
2025-03-18T17:54:30.844336,Switch,Hardware Fault,4
2025-03-18T11:11:30.844341,DWDM,High Latency,4
2025-03-19T12:00:30.844346,Router,Packet Loss,5
2025-03-20T06:25:30.844351,Server,Hardware Fault,3
2025-03-20T22:28:30.844360,Router,Packet Loss,2
2025-03-19T21:22:30.844365,RAN,Link Failure,1
2025-03-16T11:17:30.844370,Server,High Latency,3
2025-03-17T08:40:30.844375,Switch,Hardware Fault,5
2025-03-15T06:24:30.844379,DWDM,Hardware Fault,4
2025-03-17T02:12:30.844384,DWDM,Packet Loss,3
2025-03-20T00:37:30.844390,DWDM,High Latency,3
2025-03-19T01:47:30.844394,DWDM,Hardware Fault,1
2025-03-14T12:38:30.844399,Router,Packet Loss,3
2025-03-15T15:50:30.844404,Router,High Latency,2
2025-03-15T02:31:30.844409,Server,Hardware Fault,4
2025-03-19T19:27:30.844415,Router,Packet Loss,3
2025-03-21T04:07:30.844420,RAN,Hardware Fault,2
2025-03-17T19:23:30.844425,RAN,Packet Loss,5
2025-03-18T12:21:30.844430,Server,High Latency,2
2025-03-17T22:18:30.844435,Router,Packet Loss,4
2025-03-20T08:01:30.844441,Router,Link Failure,2
2025-03-20T10:44:30.844446,RAN,High Latency,5
2025-03-16T10:47:30.844450,Server,Packet Loss,3
2025-03-20T02:41:30.844455,Router,Packet Loss,5
2025-03-14T13:20:30.844460,Switch,Link Failure,1
2025-03-15T08:08:30.844465,RAN,Packet Loss,4
2025-03-19T20:37:30.844470,Router,Packet Loss,4
2025-03-16T10:07:30.844474,DWDM,Packet Loss,2
2025-03-16T07:07:30.844479,DWDM,Packet Loss,5
2025-03-21T02:30:30.844484,Switch,Packet Loss,2
2025-03-16T10:41:30.844489,DWDM,High Latency,1
2025-03-18T08:33:30.844495,Server,High Latency,4
2025-03-21T07:37:30.844500,DWDM,Hardware Fault,3
2025-03-16T04:53:30.844505,RAN,Hardware Fault,1
2025-03-18T19:54:30.844510,Switch,Packet Loss,2
2025-03-18T05:00:30.844515,Switch,Packet Loss,5
2025-03-21T05:27:30.844522,Switch,Packet Loss,4
2025-03-19T17:48:30.844527,Switch,Packet Loss,5
2025-03-18T05:50:30.844531,DWDM,High Latency,2
2025-03-18T09:17:30.844536,RAN,High Latency,4
2025-03-16T17:12:30.844541,Server,Link Failure,4
2025-03-16T12:37:30.844546,RAN,High Latency,4
2025-03-19T02:15:30.844551,Server,Link Failure,5
2025-03-17T00:06:30.844556,RAN,Packet Loss,1
2025-03-17T00:24:30.844561,Switch,Hardware Fault,2
2025-03-20T23:45:30.844566,DWDM,Hardware Fault,4
2025-03-16T04:18:30.844571,DWDM,Link Failure,5
2025-03-15T00:18:30.844576,Server,Hardware Fault,3
2025-03-19T00:29:30.844581,Server,Packet Loss,4
2025-03-19T07:33:30.844586,Server,Link Failure,2
2025-03-16T23:39:30.844590,Router,High Latency,4
2025-03-19T21:09:30.844595,RAN,Packet Loss,4
2025-03-20T05:38:30.844600,DWDM,Packet Loss,2
2025-03-17T22:36:30.844606,Switch,Link Failure,3
2025-03-20T19:43:30.844610,RAN,Packet Loss,4
2025-03-17T17:41:30.844616,Router,High Latency,5
2025-03-16T19:04:30.844620,Router,Hardware Fault,3
2025-03-17T23:49:30.844625,Router,High Latency,2
2025-03-19T21:01:30.844630,RAN,High Latency,5
2025-03-18T12:59:30.844635,DWDM,Link Failure,5
2025-03-19T04:04:30.844640,Server,High Latency,1
2025-03-18T22:27:30.844645,RAN,High Latency,1
2025-03-19T14:50:30.844649,Router,Packet Loss,4
2025-03-20T17:51:30.844654,Server,High Latency,4
2025-03-20T14:48:30.844659,Server,Packet Loss,3
2025-03-21T00:17:30.844664,Switch,Hardware Fault,2
2025-03-18T00:04:30.844669,Switch,High Latency,1
2025-03-15T06:59:30.844715,Server,High Latency,4
2025-03-17T18:34:30.844722,DWDM,Link Failure,5
2025-03-21T04:29:30.844727,Server,Link Failure,1
2025-03-14T14:55:30.844732,RAN,Packet Loss,4
2025-03-20T01:15:30.844737,Server,High Latency,4
2025-03-16T19:46:30.844742,RAN,Packet Loss,2
2025-03-20T06:09:30.844748,Router,High Latency,4
2025-03-19T05:23:30.844753,RAN,Packet Loss,3
2025-03-16T12:55:30.844759,DWDM,High Latency,1
2025-03-20T22:52:30.844763,RAN,Link Failure,2
2025-03-20T15:57:30.844768,Server,Link Failure,3
2025-03-14T13:28:30.844773,Server,Hardware Fault,5
2025-03-19T12:32:30.844780,Server,High Latency,1
2025-03-21T00:45:30.844785,RAN,Link Failure,1
2025-03-19T19:35:30.844790,Switch,Link Failure,1
2025-03-20T04:05:30.844795,Switch,Packet Loss,2
2025-03-17T03:59:30.844800,Server,Packet Loss,2
2025-03-16T07:40:30.844805,DWDM,Packet Loss,5
2025-03-21T05:12:30.844810,Router,Packet Loss,5
2025-03-20T12:13:30.844815,Server,High Latency,4
2025-03-17T11:22:30.844820,RAN,Link Failure,3
2025-03-19T23:16:30.844825,Switch,Link Failure,4
2025-03-20T01:03:30.844830,Router,Packet Loss,4
2025-03-17T12:18:30.844835,RAN,Hardware Fault,5
2025-03-15T05:57:30.844839,Router,Link Failure,2
2025-03-20T10:12:30.844844,DWDM,High Latency,2
2025-03-15T08:07:30.844849,Server,High Latency,5
2025-03-20T12:11:30.844854,Router,Link Failure,5
2025-03-17T14:01:30.844859,DWDM,Packet Loss,3
2025-03-15T15:51:30.844864,Router,Link Failure,2
2025-03-16T15:25:30.844869,Switch,Packet Loss,4
2025-03-18T17:48:30.844874,Router,Hardware Fault,2
2025-03-20T21:47:30.844879,DWDM,High Latency,1
2025-03-16T18:30:30.844885,Router,Packet Loss,1
2025-03-19T14:10:30.844890,DWDM,Link Failure,4
2025-03-18T23:59:30.844895,Router,Packet Loss,1
2025-03-21T03:20:30.844899,Router,Link Failure,1
2025-03-20T03:00:30.844905,Switch,Hardware Fault,5
2025-03-19T05:52:30.844909,RAN,High Latency,4
2025-03-17T15:49:30.844914,Router,Packet Loss,3
2025-03-20T04:38:30.844919,Server,High Latency,4
2025-03-17T16:21:30.844924,RAN,Link Failure,5
2025-03-14T14:02:30.844929,Router,Hardware Fault,5
2025-03-16T17:45:30.844935,Switch,Packet Loss,4
2025-03-19T10:54:30.844939,DWDM,Packet Loss,1
2025-03-20T22:47:30.844944,Switch,High Latency,4
2025-03-16T23:54:30.844949,Server,Hardware Fault,3
2025-03-19T16:06:30.844954,DWDM,Hardware Fault,1
2025-03-20T05:27:30.844960,Server,Hardware Fault,3
2025-03-15T03:56:30.844965,DWDM,High Latency,1
2025-03-21T10:33:30.844970,Switch,Link Failure,2
2025-03-19T08:06:30.844975,RAN,Packet Loss,4
2025-03-17T07:36:30.844980,Server,Hardware Fault,4
2025-03-20T01:09:30.844985,RAN,High Latency,5
2025-03-19T15:09:30.844990,Router,Link Failure,3
2025-03-19T16:55:30.844995,Switch,Hardware Fault,1
2025-03-17T23:53:30.845000,Switch,Hardware Fault,3
2025-03-15T09:35:30.845005,Server,Packet Loss,2
2025-03-20T14:33:30.845010,Server,Packet Loss,4
2025-03-16T14:38:30.845015,Switch,Link Failure,2
2025-03-15T06:44:30.845020,DWDM,High Latency,2
2025-03-16T01:53:30.845025,Router,Hardware Fault,1
2025-03-20T18:18:30.845030,Router,Hardware Fault,3
2025-03-16T12:37:30.845035,DWDM,Packet Loss,4
2025-03-20T10:06:30.845040,Switch,High Latency,4
2025-03-18T21:35:30.845047,RAN,Packet Loss,5
2025-03-18T23:16:30.845052,Router,Hardware Fault,5
2025-03-15T19:38:30.845057,Server,Packet Loss,4
2025-03-19T17:23:30.845062,RAN,Packet Loss,3
2025-03-20T03:30:30.845066,RAN,Link Failure,4
2025-03-17T22:57:30.845071,Server,High Latency,4
2025-03-21T01:01:30.845076,Server,High Latency,3
2025-03-19T10:17:30.845081,RAN,Hardware Fault,4
2025-03-19T15:52:30.845086,RAN,High Latency,3
2025-03-17T19:57:30.845091,DWDM,Link Failure,5
2025-03-16T03:19:30.845095,Server,High Latency,2
2025-03-19T14:54:30.845102,DWDM,Link Failure,5
2025-03-17T22:57:30.845107,Router,Link Failure,2
2025-03-16T12:06:30.845112,DWDM,High Latency,2
2025-03-19T20:03:30.845116,RAN,Link Failure,2
2025-03-20T08:42:30.845122,Switch,High Latency,1
2025-03-16T07:19:30.845127,DWDM,Packet Loss,5
2025-03-21T07:17:30.845132,Server,Packet Loss,2
2025-03-17T01:57:30.845137,DWDM,High Latency,5
2025-03-15T18:23:30.845141,RAN,High Latency,4
2025-03-18T14:52:30.845146,Router,Link Failure,5
2025-03-18T21:19:30.845151,Router,Hardware Fault,5
2025-03-16T20:17:30.845156,RAN,High Latency,1
2025-03-19T07:36:30.845161,Switch,Hardware Fault,2
2025-03-21T00:37:30.845166,DWDM,Link Failure,2
2025-03-17T19:21:30.845172,RAN,High Latency,4
2025-03-17T19:25:30.845177,Switch,High Latency,3
2025-03-16T18:24:30.845182,DWDM,High Latency,3
2025-03-17T11:20:30.845187,Router,Link Failure,2
2025-03-19T05:37:30.845192,Router,Packet Loss,3
2025-03-15T03:14:30.845197,Server,Hardware Fault,3
2025-03-20T07:13:30.845202,Router,Hardware Fault,5
2025-03-20T15:37:30.845208,RAN,Hardware Fault,5
2025-03-18T15:43:30.845213,DWDM,Link Failure,3
2025-03-17T11:01:30.845217,RAN,Hardware Fault,3
2025-03-19T18:42:30.845222,RAN,Hardware Fault,3
2025-03-20T23:47:30.845227,Switch,Hardware Fault,2
2025-03-19T11:01:30.845232,Router,High Latency,4
2025-03-15T09:49:30.845237,DWDM,Link Failure,1
2025-03-17T00:16:30.845241,Switch,Link Failure,4
2025-03-17T06:43:30.845246,Switch,Packet Loss,4
2025-03-15T07:35:30.845251,RAN,Hardware Fault,4
2025-03-15T03:39:30.845256,Switch,Link Failure,5
2025-03-17T14:21:30.845261,Switch,Packet Loss,2
2025-03-19T06:28:30.845265,DWDM,Hardware Fault,5
2025-03-19T15:05:30.845270,RAN,Hardware Fault,4
2025-03-19T15:18:30.845275,Switch,Link Failure,3
2025-03-16T16:25:30.845280,Router,Link Failure,5
2025-03-19T15:56:30.845285,Router,Hardware Fault,4
2025-03-17T21:22:30.845290,Router,Link Failure,5
2025-03-15T18:01:30.845295,Switch,High Latency,1
2025-03-17T08:18:30.845300,Server,Link Failure,2
2025-03-20T06:51:30.845305,DWDM,Packet Loss,3
2025-03-20T20:18:30.845310,RAN,High Latency,5
2025-03-18T22:18:30.845315,Switch,Hardware Fault,1
2025-03-18T09:14:30.845319,Switch,High Latency,4
2025-03-16T20:46:30.845324,Router,High Latency,5
2025-03-19T15:17:30.845329,Switch,Packet Loss,1
2025-03-15T10:31:30.845334,Router,Hardware Fault,5
2025-03-20T19:04:30.845339,Router,Packet Loss,1
2025-03-20T19:26:30.845344,Router,High Latency,4
2025-03-20T12:07:30.845349,DWDM,Link Failure,5
2025-03-15T13:07:30.845354,Server,High Latency,1
2025-03-20T04:51:30.845359,Router,Packet Loss,5
2025-03-20T01:53:30.845365,Router,Link Failure,3
2025-03-19T17:52:30.845370,Switch,Link Failure,4
2025-03-21T04:10:30.845375,RAN,Link Failure,5
2025-03-18T22:49:30.845381,Switch,Link Failure,4
2025-03-17T09:11:30.845386,Switch,Hardware Fault,3
2025-03-15T23:41:30.845392,RAN,High Latency,4
2025-03-21T04:22:30.845396,Switch,Link Failure,4
2025-03-16T14:13:30.845401,RAN,Link Failure,2
2025-03-15T19:13:30.845406,DWDM,Link Failure,5
2025-03-18T10:22:30.845411,DWDM,Hardware Fault,4
2025-03-17T01:36:30.845415,Switch,High Latency,1
2025-03-17T23:15:30.845422,RAN,Hardware Fault,2
2025-03-15T21:16:30.845426,Router,Packet Loss,3
2025-03-16T01:09:30.845431,Router,Link Failure,2
2025-03-20T21:25:30.845436,Switch,Link Failure,3
2025-03-18T04:52:30.845441,DWDM,Packet Loss,3
2025-03-21T01:53:30.845446,Switch,Packet Loss,3
2025-03-15T02:07:30.845451,DWDM,Hardware Fault,4
2025-03-15T20:06:30.845456,RAN,Hardware Fault,4
2025-03-14T15:38:30.845461,Router,Link Failure,1
2025-03-18T09:08:30.845466,Server,Hardware Fault,5
2025-03-21T00:49:30.845471,RAN,Link Failure,2
2025-03-21T10:29:30.845476,DWDM,Packet Loss,5
2025-03-18T22:58:30.845480,Switch,Packet Loss,1
2025-03-16T01:59:30.845485,RAN,High Latency,3
2025-03-18T18:21:30.845490,RAN,Link Failure,5
2025-03-17T03:09:30.845495,Router,Link Failure,5
2025-03-15T02:01:30.845500,DWDM,Hardware Fault,3
2025-03-20T17:56:30.845505,Server,High Latency,2
2025-03-20T11:04:30.845510,Router,Packet Loss,5
2025-03-18T08:44:30.845515,Server,High Latency,3
2025-03-18T15:53:30.845520,Switch,Link Failure,5
2025-03-15T01:31:30.845526,DWDM,High Latency,2
2025-03-14T16:18:30.845531,DWDM,High Latency,1
2025-03-19T00:11:30.845537,RAN,Link Failure,5
2025-03-17T02:33:30.845542,DWDM,Link Failure,3
2025-03-15T03:40:30.845546,Router,Packet Loss,1
2025-03-20T12:43:30.845551,Server,Packet Loss,2
2025-03-16T01:51:30.845556,Server,Packet Loss,2
2025-03-20T02:54:30.845564,RAN,High Latency,4
2025-03-16T07:39:30.845569,Router,Link Failure,1
2025-03-17T09:29:30.845574,Router,Packet Loss,4
2025-03-19T19:32:30.845579,Router,High Latency,5
2025-03-16T08:45:30.845584,RAN,Packet Loss,4
2025-03-21T08:04:30.845589,RAN,Link Failure,3
2025-03-17T14:32:30.845595,DWDM,Hardware Fault,4
2025-03-20T08:00:30.845600,Router,High Latency,5
2025-03-18T20:08:30.845605,Switch,Packet Loss,4
2025-03-20T05:07:30.845610,RAN,Packet Loss,5
2025-03-20T17:57:30.845614,RAN,Link Failure,1
2025-03-14T22:42:30.845619,Switch,Packet Loss,1
2025-03-17T20:15:30.845624,Switch,High Latency,3
2025-03-16T03:37:30.845629,Server,Link Failure,5
2025-03-17T04:23:30.845635,Server,High Latency,3
2025-03-16T01:19:30.845639,DWDM,Link Failure,5
2025-03-19T23:47:30.845644,Server,Link Failure,2
2025-03-21T01:32:30.845649,Server,Hardware Fault,5
2025-03-14T19:47:30.845654,Switch,High Latency,2
2025-03-16T18:03:30.845660,Switch,Link Failure,1
2025-03-19T19:54:30.845665,DWDM,Packet Loss,1
2025-03-17T02:33:30.845670,Router,Packet Loss,3
2025-03-17T03:24:30.845678,Router,Packet Loss,2
2025-03-14T21:18:30.845683,RAN,Hardware Fault,1
2025-03-16T17:54:30.845688,Router,Hardware Fault,1
2025-03-16T21:15:30.845695,Server,Packet Loss,3
2025-03-15T00:31:30.845700,Router,Hardware Fault,4
2025-03-16T22:13:30.845705,Switch,Link Failure,4
2025-03-21T10:48:30.845710,DWDM,Link Failure,2
2025-03-19T02:26:30.845715,Server,Link Failure,5
2025-03-16T18:22:30.845720,Router,Hardware Fault,4
2025-03-20T15:33:30.845725,Switch,High Latency,5
2025-03-21T02:19:30.845730,Switch,Packet Loss,2
2025-03-19T07:36:30.845734,Server,Packet Loss,5
2025-03-20T13:26:30.845739,Server,Link Failure,2
2025-03-20T00:48:30.845744,Server,Packet Loss,1
2025-03-16T19:59:30.845751,DWDM,High Latency,1
2025-03-19T09:42:30.845755,RAN,Hardware Fault,3
2025-03-17T23:27:30.845760,Server,High Latency,5
2025-03-16T18:57:30.845765,RAN,Link Failure,1
2025-03-19T13:52:30.845770,Switch,High Latency,5
2025-03-16T04:06:30.845775,DWDM,Packet Loss,1
2025-03-16T13:45:30.845780,Switch,Hardware Fault,3
2025-03-16T15:41:30.845784,RAN,Link Failure,1
2025-03-15T03:01:30.845789,Switch,Hardware Fault,1
2025-03-16T03:06:30.845794,DWDM,High Latency,3
2025-03-16T20:19:30.845799,RAN,Packet Loss,2
2025-03-19T11:20:30.845804,Switch,Packet Loss,1
2025-03-16T01:19:30.845811,Router,High Latency,4
2025-03-17T15:34:30.845815,Server,High Latency,1
2025-03-15T16:36:30.845820,DWDM,Packet Loss,3
2025-03-14T17:03:30.845825,Switch,High Latency,2
2025-03-15T11:07:30.845830,RAN,Link Failure,4
2025-03-15T11:01:30.845835,Switch,High Latency,5
2025-03-15T17:16:30.845840,Switch,Packet Loss,4
2025-03-19T07:17:30.845845,Router,Hardware Fault,5
2025-03-20T05:00:30.845850,DWDM,High Latency,5
2025-03-15T06:19:30.845856,DWDM,Link Failure,4
2025-03-20T02:41:30.845862,Server,Link Failure,4
2025-03-17T17:29:30.845867,Server,Packet Loss,1
2025-03-15T18:25:30.845872,DWDM,Hardware Fault,2
2025-03-18T18:32:30.845877,Router,Hardware Fault,4
2025-03-17T04:25:30.845882,Switch,Link Failure,4
2025-03-20T04:52:30.845887,RAN,Hardware Fault,3
2025-03-15T05:35:30.845892,Switch,Packet Loss,5
2025-03-19T05:03:30.845898,RAN,Link Failure,2
2025-03-20T17:40:30.845903,RAN,Link Failure,1
2025-03-16T00:28:30.845908,DWDM,Link Failure,1
2025-03-20T17:53:30.845913,Router,Hardware Fault,4
2025-03-15T06:31:30.845919,Server,Packet Loss,1
2025-03-15T05:45:30.845925,Server,Link Failure,5
2025-03-18T06:47:30.845930,Switch,High Latency,5
2025-03-15T22:46:30.845934,RAN,High Latency,4
2025-03-17T22:40:30.845939,Router,Link Failure,3
2025-03-16T17:25:30.845944,Server,High Latency,5
2025-03-18T03:00:30.845949,Switch,Link Failure,4
2025-03-14T20:16:30.845954,Switch,Packet Loss,1
2025-03-14T22:50:30.845959,Server,Packet Loss,3
2025-03-17T02:43:30.845964,Router,Link Failure,4
2025-03-15T05:05:30.845968,RAN,Packet Loss,3
2025-03-18T21:45:30.845973,DWDM,High Latency,4
2025-03-18T13:17:30.845978,RAN,Link Failure,5
2025-03-18T05:32:30.845983,Server,Hardware Fault,3
2025-03-19T11:53:30.845988,Switch,Link Failure,3
2025-03-16T15:37:30.845993,Router,Hardware Fault,5
2025-03-19T00:57:30.845998,Server,High Latency,5
2025-03-14T13:04:30.846003,Switch,Hardware Fault,1
2025-03-20T05:08:30.846007,DWDM,Hardware Fault,5
2025-03-21T00:02:30.846012,RAN,Link Failure,3
2025-03-17T11:44:30.846019,Router,Link Failure,4
2025-03-18T13:15:30.846025,DWDM,Hardware Fault,2
2025-03-20T03:43:30.846030,RAN,Link Failure,2
2025-03-19T10:21:30.846035,Switch,Hardware Fault,5
2025-03-17T10:43:30.846040,Server,Link Failure,3
2025-03-18T00:50:30.846045,RAN,Hardware Fault,4
2025-03-16T03:55:30.846049,RAN,High Latency,4
2025-03-18T09:08:30.846054,DWDM,High Latency,5
2025-03-17T06:45:30.846060,Switch,Hardware Fault,3
2025-03-14T12:37:30.846065,Router,Hardware Fault,4
2025-03-20T02:47:30.846070,DWDM,High Latency,5
2025-03-15T17:45:30.846077,Switch,Link Failure,1
2025-03-19T08:14:30.846082,RAN,Link Failure,2
2025-03-17T07:00:30.846087,RAN,Hardware Fault,3
2025-03-16T04:20:30.846092,Router,Hardware Fault,2
2025-03-17T11:51:30.846097,DWDM,Hardware Fault,3
2025-03-14T18:49:30.846102,DWDM,Hardware Fault,2
2025-03-19T22:36:30.846106,DWDM,Link Failure,2
2025-03-20T17:48:30.846111,Server,Packet Loss,3
2025-03-19T23:21:30.846116,Switch,Packet Loss,5
2025-03-16T00:36:30.846121,Switch,Link Failure,4
2025-03-14T21:56:30.846126,Server,Link Failure,2
2025-03-20T10:43:30.846131,Server,Link Failure,2
2025-03-18T06:26:30.846136,Router,Packet Loss,1
2025-03-19T03:36:30.846141,DWDM,Packet Loss,5
2025-03-15T07:18:30.846146,Server,Hardware Fault,3
2025-03-19T09:01:30.846151,Router,High Latency,5
2025-03-17T15:59:30.846156,DWDM,Link Failure,4
2025-03-19T08:41:30.846161,Switch,Hardware Fault,1
2025-03-18T16:14:30.846166,Router,Link Failure,1
2025-03-15T21:44:30.846170,DWDM,Packet Loss,1
2025-03-20T20:17:30.846175,Switch,Packet Loss,1
2025-03-16T09:29:30.846182,Server,High Latency,5
2025-03-19T15:48:30.846186,Router,Link Failure,2
2025-03-21T02:11:30.846192,Switch,High Latency,5
2025-03-17T19:13:30.846196,RAN,Packet Loss,4
2025-03-18T10:18:30.846202,RAN,Hardware Fault,2
2025-03-21T02:39:30.846207,Router,High Latency,3
2025-03-19T13:32:30.846212,RAN,Link Failure,3
2025-03-19T16:44:30.846216,DWDM,Packet Loss,2
2025-03-16T22:11:30.846221,Switch,High Latency,3
2025-03-20T01:11:30.846226,Server,Link Failure,1
2025-03-15T05:42:30.846232,Switch,High Latency,3
2025-03-17T14:31:30.846238,RAN,Hardware Fault,3
2025-03-19T09:55:30.846243,Server,Hardware Fault,3
2025-03-17T23:18:30.846248,Server,Link Failure,2
2025-03-17T22:57:30.846252,Server,High Latency,5
2025-03-16T00:20:30.846258,DWDM,High Latency,1
2025-03-18T23:18:30.846262,Server,High Latency,1
2025-03-15T06:49:30.846267,DWDM,Hardware Fault,5
2025-03-17T06:43:30.846272,Server,Link Failure,3
2025-03-20T21:25:30.846277,Server,Link Failure,3
2025-03-20T18:31:30.846282,DWDM,Hardware Fault,5
2025-03-18T01:54:30.846287,Router,Link Failure,2
2025-03-19T19:53:30.846292,RAN,Packet Loss,3
2025-03-20T02:12:30.846296,Server,Packet Loss,4
2025-03-19T15:31:30.846301,Router,Hardware Fault,2
2025-03-21T04:26:30.846307,Server,High Latency,2
2025-03-18T02:17:30.846313,Server,Link Failure,2
2025-03-14T21:32:30.846318,Router,Link Failure,3
2025-03-14T13:45:30.846323,Switch,Hardware Fault,1
2025-03-15T19:55:30.846328,Server,Hardware Fault,5
2025-03-21T09:50:30.846332,Switch,Packet Loss,4
2025-03-19T05:52:30.846338,Switch,High Latency,4
2025-03-18T23:18:30.846349,Router,Link Failure,3
2025-03-16T13:44:30.846354,DWDM,Hardware Fault,1
2025-03-15T13:48:30.846359,Router,Packet Loss,3
2025-03-18T03:49:30.846364,Server,Link Failure,5
2025-03-21T08:57:30.846369,Router,Packet Loss,4
2025-03-15T20:21:30.846374,Server,Link Failure,1
2025-03-20T19:57:30.846378,Server,Link Failure,4
2025-03-14T22:06:30.846383,Server,High Latency,3
2025-03-16T06:19:30.846388,Server,Link Failure,5
2025-03-18T20:36:30.846393,DWDM,Link Failure,3
2025-03-21T06:40:30.846398,Router,Link Failure,3
2025-03-14T13:35:30.846404,Switch,Packet Loss,1
2025-03-16T10:43:30.846409,Router,Link Failure,3
2025-03-19T22:44:30.846414,Router,Packet Loss,1
2025-03-15T07:52:30.846419,Router,Hardware Fault,4
2025-03-16T05:58:30.846424,Switch,Hardware Fault,5
2025-03-15T18:38:30.846429,Router,Link Failure,1
2025-03-21T07:51:30.846434,Router,Hardware Fault,1
2025-03-20T10:20:30.846438,Router,High Latency,1
2025-03-18T16:49:30.846443,DWDM,High Latency,2
2025-03-18T22:35:30.846448,DWDM,Link Failure,3
2025-03-20T17:53:30.846454,Switch,Packet Loss,3
2025-03-17T12:09:30.846459,DWDM,Packet Loss,4
2025-03-15T11:21:30.846464,Switch,Link Failure,5
2025-03-18T08:22:30.846469,DWDM,Packet Loss,2
2025-03-14T17:28:30.846474,Switch,Link Failure,1
2025-03-15T19:11:30.846479,Server,High Latency,2
2025-03-16T19:09:30.846483,DWDM,Link Failure,4
2025-03-20T19:23:30.846488,Server,High Latency,2
2025-03-18T11:56:30.846493,Switch,Link Failure,5
2025-03-20T13:57:30.846498,DWDM,Hardware Fault,2
2025-03-18T05:30:30.846503,Server,Packet Loss,5
2025-03-14T19:39:30.846509,Switch,Packet Loss,1
2025-03-16T11:01:30.846514,Server,High Latency,3
2025-03-17T13:07:30.846519,Switch,Hardware Fault,2
2025-03-20T05:05:30.846524,Router,High Latency,4
2025-03-15T16:27:30.846529,Server,High Latency,2
2025-03-17T17:32:30.846534,RAN,Packet Loss,3
2025-03-16T05:26:30.846539,Server,High Latency,3
2025-03-17T00:58:30.846544,Server,Packet Loss,4
2025-03-19T18:27:30.846549,Server,High Latency,5
2025-03-18T16:51:30.846553,Switch,Link Failure,5
2025-03-14T20:20:30.846558,RAN,Packet Loss,3
2025-03-18T01:22:30.846563,Server,High Latency,5
2025-03-20T02:45:30.846568,Server,Hardware Fault,2
2025-03-17T00:56:30.846573,RAN,Link Failure,4
2025-03-18T12:52:30.846577,DWDM,Link Failure,3
2025-03-14T14:42:30.846582,RAN,Packet Loss,1
2025-03-20T13:17:30.846587,Router,High Latency,2
2025-03-21T01:56:30.846592,Server,Packet Loss,1
2025-03-19T06:04:30.846597,Server,Hardware Fault,5
2025-03-18T23:08:30.846602,Server,Packet Loss,2
2025-03-15T21:43:30.846606,DWDM,Hardware Fault,3
2025-03-18T05:06:30.846611,Router,Link Failure,1
2025-03-19T00:44:30.846616,RAN,Link Failure,1
2025-03-18T23:13:30.846621,Router,High Latency,3
2025-03-18T06:17:30.846626,Switch,Link Failure,3
2025-03-21T08:12:30.846631,Router,Link Failure,5
2025-03-17T11:14:30.846636,DWDM,Link Failure,4
2025-03-20T09:14:30.846643,Server,Packet Loss,3
2025-03-17T05:51:30.846648,Router,Packet Loss,2
2025-03-21T06:15:30.846653,Server,High Latency,4
2025-03-19T20:59:30.846658,Switch,Hardware Fault,4
2025-03-17T16:37:30.846664,Router,Link Failure,3
2025-03-20T23:32:30.846671,Server,Packet Loss,5
2025-03-16T14:25:30.846689,DWDM,Link Failure,5
2025-03-16T19:37:30.846694,Switch,High Latency,2
2025-03-17T20:01:30.846699,DWDM,Link Failure,5
2025-03-19T07:55:30.846703,Server,Link Failure,4
2025-03-19T12:06:30.846708,Server,Hardware Fault,4
2025-03-20T02:34:30.846713,Server,Link Failure,1
2025-03-15T06:31:30.846718,Switch,High Latency,3
2025-03-15T12:01:30.846723,Server,High Latency,5
2025-03-15T17:44:30.846728,Server,Packet Loss,4
2025-03-16T01:51:30.846733,Switch,Hardware Fault,2
2025-03-16T11:18:30.846740,Router,Hardware Fault,1
2025-03-20T04:30:30.846745,Switch,Hardware Fault,3
2025-03-20T22:41:30.846749,Switch,Hardware Fault,4
2025-03-18T09:20:30.846754,Router,Hardware Fault,5
2025-03-20T10:48:30.846780,Server,Packet Loss,4
2025-03-16T12:17:30.846804,Server,Link Failure,2
2025-03-21T02:28:30.846816,DWDM,High Latency,2
2025-03-19T05:06:30.846827,Router,Packet Loss,2
2025-03-14T21:50:30.846837,Switch,Hardware Fault,5
2025-03-15T07:11:30.846847,Router,Link Failure,3
2025-03-21T01:51:30.846857,Switch,Hardware Fault,3
2025-03-21T03:15:30.846869,Server,Hardware Fault,1
2025-03-15T21:43:30.846880,Server,Link Failure,5
2025-03-17T03:15:30.846891,RAN,Hardware Fault,2
2025-03-14T18:47:30.846900,Router,High Latency,5
2025-03-15T20:18:30.846910,RAN,Link Failure,1
2025-03-18T17:57:30.846920,Server,High Latency,1
2025-03-20T21:02:30.846929,DWDM,Packet Loss,3
2025-03-14T12:52:30.846939,Router,Hardware Fault,1
2025-03-18T01:17:30.846949,Server,High Latency,3
2025-03-18T08:14:30.846959,RAN,High Latency,1
2025-03-17T02:39:30.846970,DWDM,High Latency,5
2025-03-17T11:02:30.846980,DWDM,Link Failure,2
2025-03-16T14:52:30.846989,Router,High Latency,2
2025-03-15T19:10:30.846999,DWDM,Link Failure,2
2025-03-17T07:54:30.847008,Router,Link Failure,5
2025-03-19T20:10:30.847018,Server,Packet Loss,2
2025-03-20T05:11:30.847028,Router,High Latency,3
2025-03-15T00:17:30.847038,Server,Link Failure,3
2025-03-17T00:00:30.847048,Server,Hardware Fault,5
2025-03-15T07:35:30.847058,DWDM,Link Failure,1
2025-03-16T17:24:30.847067,Switch,Packet Loss,4
2025-03-18T05:13:30.847077,Router,Link Failure,1
2025-03-15T23:52:30.847086,DWDM,High Latency,5
2025-03-18T00:17:30.847095,Switch,Hardware Fault,1
2025-03-18T20:38:30.847105,DWDM,Packet Loss,2
2025-03-19T18:22:30.847115,DWDM,Hardware Fault,5
2025-03-17T17:00:30.847125,Router,Link Failure,1
2025-03-14T19:43:30.847134,RAN,Packet Loss,2
2025-03-19T13:10:30.847166,DWDM,High Latency,2
2025-03-16T07:39:30.847176,DWDM,High Latency,2
2025-03-20T18:57:30.847186,RAN,Link Failure,4
2025-03-15T06:50:30.847195,Switch,Link Failure,2
2025-03-17T06:27:30.847205,Router,Link Failure,4
2025-03-19T15:50:30.847215,Server,Link Failure,5
2025-03-16T20:04:30.847225,Server,High Latency,5
2025-03-16T23:14:30.847235,Server,High Latency,2
2025-03-18T19:27:30.847245,Switch,High Latency,5
2025-03-17T17:33:30.847254,Router,Hardware Fault,5
2025-03-15T17:34:30.847263,DWDM,High Latency,2
2025-03-14T15:54:30.847273,Switch,Hardware Fault,2
2025-03-19T16:21:30.847283,Switch,Packet Loss,2
2025-03-17T00:56:30.847300,Router,Packet Loss,5
2025-03-19T10:37:30.847310,DWDM,Packet Loss,5
2025-03-15T08:02:30.847320,Server,High Latency,4
2025-03-19T04:01:30.847330,DWDM,High Latency,3
2025-03-20T15:49:30.847340,Server,Link Failure,1
2025-03-21T06:42:30.847350,Server,High Latency,5
2025-03-15T08:42:30.847360,Switch,Link Failure,4
2025-03-20T12:45:30.847369,Switch,Packet Loss,1
2025-03-20T08:39:30.847379,Server,Packet Loss,5
2025-03-15T08:48:30.847388,Server,Packet Loss,4
2025-03-18T08:46:30.847398,RAN,Hardware Fault,3
2025-03-21T03:57:30.847407,Router,Link Failure,1
2025-03-17T07:43:30.847419,RAN,High Latency,3
2025-03-18T16:33:30.847429,Router,Hardware Fault,4
2025-03-16T23:57:30.847439,Router,High Latency,1
2025-03-17T13:49:30.847448,Server,Link Failure,2
2025-03-21T00:04:30.847459,RAN,Hardware Fault,2
2025-03-16T09:31:30.847468,DWDM,Packet Loss,5
2025-03-20T02:51:30.847478,Router,Packet Loss,4
2025-03-21T01:26:30.847488,Router,Link Failure,2
2025-03-18T15:33:30.847498,RAN,Link Failure,4
2025-03-17T17:59:30.847508,Switch,Hardware Fault,4
2025-03-18T10:15:30.847517,Server,Hardware Fault,4
2025-03-15T08:09:30.847527,Server,High Latency,5
2025-03-18T16:14:30.847537,RAN,Hardware Fault,2
2025-03-20T11:56:30.847547,DWDM,Hardware Fault,5
2025-03-15T05:42:30.847557,DWDM,Packet Loss,2
2025-03-18T21:23:30.847566,Switch,Link Failure,5
2025-03-19T14:33:30.847576,Router,High Latency,1
2025-03-21T08:08:30.847586,Switch,Hardware Fault,3
2025-03-17T20:13:30.847597,Router,Link Failure,4
2025-03-18T20:32:30.847607,RAN,Hardware Fault,5
2025-03-19T19:23:30.847619,Router,Packet Loss,2
2025-03-21T04:11:30.847629,Router,High Latency,5
2025-03-14T23:03:30.847639,Server,Link Failure,5
2025-03-15T07:15:30.847649,Router,Link Failure,5
2025-03-16T20:37:30.847659,Switch,Link Failure,4
2025-03-16T19:39:30.847669,Server,Link Failure,4
2025-03-15T19:40:30.847679,RAN,High Latency,5
2025-03-16T13:10:30.847688,DWDM,Hardware Fault,1
2025-03-18T00:21:30.847698,Router,Link Failure,3
2025-03-20T09:13:30.847707,DWDM,Hardware Fault,4
2025-03-20T05:44:30.847717,Switch,Hardware Fault,4
2025-03-14T22:08:30.847727,Server,High Latency,5
2025-03-20T22:29:30.847737,Router,Link Failure,3
2025-03-19T17:01:30.847746,Router,High Latency,1
2025-03-14T21:18:30.847756,Switch,Packet Loss,3
2025-03-20T23:52:30.847767,Switch,Hardware Fault,4
2025-03-19T16:55:30.847776,Router,Packet Loss,4
2025-03-18T16:37:30.847786,Switch,Link Failure,1
2025-03-16T15:57:30.847795,Switch,Packet Loss,5
2025-03-19T08:04:30.847805,DWDM,Packet Loss,2
2025-03-19T20:59:30.847814,Server,High Latency,2
2025-03-14T14:24:30.847824,Switch,Packet Loss,2
2025-03-18T20:55:30.847834,RAN,Packet Loss,2
2025-03-20T20:56:30.847843,Switch,Link Failure,3
2025-03-17T16:49:30.847853,Router,Packet Loss,2
2025-03-15T00:27:30.847857,Server,Link Failure,5
2025-03-15T19:55:30.847862,RAN,Link Failure,2
2025-03-15T20:00:30.847868,Switch,Packet Loss,3
2025-03-14T18:02:30.847878,RAN,High Latency,4
2025-03-18T20:41:30.847884,Switch,High Latency,5
2025-03-19T20:47:30.847889,Router,Packet Loss,1
2025-03-15T22:58:30.847894,RAN,Link Failure,2
2025-03-15T05:34:30.847900,DWDM,Hardware Fault,1
2025-03-18T06:24:30.847905,Router,Link Failure,3
2025-03-16T16:43:30.847910,Server,Link Failure,5
2025-03-19T15:06:30.847915,Switch,High Latency,4
2025-03-16T23:49:30.847920,Switch,High Latency,5
2025-03-15T21:29:30.847925,Server,High Latency,5
2025-03-17T16:10:30.847929,Server,Hardware Fault,2
2025-03-15T06:22:30.847935,Switch,Packet Loss,2
2025-03-20T07:31:30.847939,Switch,Link Failure,3
2025-03-15T11:10:30.847944,DWDM,Packet Loss,5
2025-03-14T15:47:30.847949,RAN,High Latency,5
2025-03-15T13:53:30.847953,RAN,Packet Loss,5
2025-03-19T06:39:30.847960,Server,Packet Loss,4
2025-03-20T16:19:30.847965,RAN,Packet Loss,4
2025-03-19T01:21:30.847970,DWDM,Packet Loss,1
2025-03-16T22:15:30.847974,Switch,Hardware Fault,3
2025-03-15T09:34:30.847979,Switch,High Latency,5
2025-03-20T12:07:30.847984,Server,Packet Loss,5
2025-03-18T11:09:30.847989,Switch,Packet Loss,1
2025-03-15T14:29:30.847994,RAN,Link Failure,5
2025-03-17T23:10:30.847998,Switch,Link Failure,1
2025-03-15T12:08:30.848003,DWDM,Packet Loss,1
2025-03-15T14:11:30.848008,RAN,Link Failure,4
2025-03-17T20:34:30.848013,Server,High Latency,2
2025-03-16T20:49:30.848018,Switch,High Latency,2
2025-03-16T09:46:30.848022,Router,Link Failure,5
2025-03-21T04:21:30.848027,Router,High Latency,5
2025-03-14T20:19:30.848032,Router,Hardware Fault,5
2025-03-17T18:28:30.848037,Server,Hardware Fault,1
2025-03-17T11:04:30.848042,Router,High Latency,4
2025-03-21T05:55:30.848047,Switch,Link Failure,3
2025-03-17T08:20:30.848051,DWDM,Hardware Fault,1
2025-03-20T21:12:30.848058,Router,Link Failure,1
2025-03-20T16:10:30.848063,RAN,Link Failure,1
2025-03-20T00:04:30.848067,Server,Hardware Fault,5
2025-03-20T08:00:30.848072,Server,High Latency,3
2025-03-18T14:19:30.848077,Router,Link Failure,5
2025-03-17T09:41:30.848082,Server,Link Failure,4
2025-03-18T07:42:30.848087,RAN,Link Failure,4
2025-03-17T18:49:30.848092,Switch,Packet Loss,3
2025-03-16T09:04:30.848097,Switch,Hardware Fault,2
2025-03-20T10:16:30.848102,RAN,High Latency,4
2025-03-17T23:21:30.848107,Router,High Latency,4
2025-03-18T00:24:30.848111,DWDM,Link Failure,2
2025-03-18T22:27:30.848116,RAN,Packet Loss,1
2025-03-15T09:55:30.848121,Switch,Packet Loss,5
2025-03-20T06:11:30.848125,Router,Hardware Fault,2
2025-03-19T06:06:30.848130,RAN,High Latency,3
2025-03-16T06:57:30.848135,RAN,Hardware Fault,1
2025-03-16T18:33:30.848140,Server,High Latency,1
2025-03-15T11:27:30.848145,Server,Hardware Fault,4
2025-03-17T00:15:30.848150,Server,Packet Loss,3
2025-03-18T12:59:30.848155,DWDM,Packet Loss,2
2025-03-17T07:46:30.848160,RAN,Packet Loss,3
2025-03-19T03:01:30.848164,Server,Hardware Fault,4
2025-03-17T13:56:30.848169,RAN,Link Failure,2
2025-03-17T20:03:30.848174,RAN,Link Failure,2
2025-03-20T02:55:30.848179,DWDM,Hardware Fault,1
2025-03-16T19:44:30.848184,Server,High Latency,2
2025-03-17T19:19:30.848189,DWDM,Packet Loss,3
2025-03-16T23:13:30.848194,DWDM,High Latency,4
2025-03-18T21:06:30.848199,RAN,Hardware Fault,5
2025-03-20T18:53:30.848203,Switch,High Latency,4
2025-03-17T17:41:30.848208,Router,Link Failure,4
2025-03-15T08:39:30.848215,Switch,Hardware Fault,5
2025-03-18T10:52:30.848219,Server,Packet Loss,1
2025-03-21T06:02:30.848224,RAN,Link Failure,3
2025-03-20T06:06:30.848229,Server,Hardware Fault,3
2025-03-15T21:50:30.848234,DWDM,Hardware Fault,4
2025-03-16T06:10:30.848239,Switch,Packet Loss,1
2025-03-14T14:47:30.848244,DWDM,Packet Loss,3
2025-03-18T01:19:30.848249,RAN,Packet Loss,5
2025-03-17T15:15:30.848254,RAN,Link Failure,4
2025-03-21T07:19:30.848259,Switch,Link Failure,1
2025-03-20T08:43:30.848264,Server,Packet Loss,1
2025-03-21T04:44:30.848268,DWDM,Link Failure,4
2025-03-19T04:25:30.848274,RAN,Link Failure,4
2025-03-19T13:48:30.848280,Server,Packet Loss,4
2025-03-18T02:49:30.848285,Server,Link Failure,3
2025-03-14T21:41:30.848290,Router,Hardware Fault,5
2025-03-21T02:41:30.848295,RAN,Packet Loss,3
2025-03-20T20:02:30.848300,Server,Link Failure,3
2025-03-17T01:33:30.848305,Router,High Latency,3
2025-03-19T16:22:30.848309,DWDM,Packet Loss,1
2025-03-18T07:23:30.848315,RAN,Link Failure,1
2025-03-20T01:18:30.848319,Server,Hardware Fault,4
2025-03-18T09:35:30.848324,Router,Link Failure,4
2025-03-21T06:21:30.848329,Server,Hardware Fault,2
2025-03-19T11:52:30.848334,Switch,Packet Loss,2
2025-03-17T00:37:30.848339,Switch,Packet Loss,3
2025-03-20T08:25:30.848344,RAN,Packet Loss,1
2025-03-15T00:00:30.848349,DWDM,Hardware Fault,3
2025-03-15T13:21:30.848354,Switch,High Latency,4
2025-03-20T22:58:30.848358,Router,High Latency,3
2025-03-15T07:32:30.848363,DWDM,Hardware Fault,2
2025-03-17T01:04:30.848368,Router,Packet Loss,2
2025-03-14T14:17:30.848374,Router,High Latency,5
2025-03-19T11:57:30.848379,DWDM,Link Failure,3
2025-03-15T16:20:30.848384,RAN,Hardware Fault,5
2025-03-19T02:34:30.848389,RAN,Packet Loss,5
2025-03-19T13:18:30.848394,DWDM,Link Failure,4
2025-03-19T12:05:30.848399,DWDM,Packet Loss,4
2025-03-20T10:06:30.848404,Switch,High Latency,3
2025-03-18T19:03:30.848409,RAN,High Latency,1
2025-03-18T23:52:30.848414,Router,High Latency,2
2025-03-17T17:15:30.848419,Switch,Link Failure,3
2025-03-17T11:58:30.848423,Router,Packet Loss,1
2025-03-18T06:04:30.848428,RAN,Hardware Fault,2
2025-03-15T05:15:30.848433,DWDM,Link Failure,1
2025-03-18T19:13:30.848438,Server,High Latency,2
2025-03-17T17:27:30.848443,Server,Hardware Fault,4
2025-03-16T20:06:30.848448,Switch,Link Failure,5
2025-03-19T09:11:30.848461,Server,Link Failure,4
2025-03-18T12:08:30.848466,RAN,Packet Loss,2
2025-03-18T14:08:30.848471,Router,Link Failure,2
2025-03-20T23:50:30.848476,Server,Hardware Fault,1
2025-03-14T20:49:30.848481,Router,High Latency,1
2025-03-18T13:14:30.848486,Switch,Hardware Fault,4
2025-03-15T04:22:30.848491,Server,Hardware Fault,3
2025-03-18T13:48:30.848496,RAN,Hardware Fault,1
2025-03-16T01:35:30.848500,Server,High Latency,5
2025-03-20T06:06:30.848505,RAN,Link Failure,1
2025-03-16T05:36:30.848510,Router,Packet Loss,4
2025-03-20T18:20:30.848516,DWDM,Link Failure,1
2025-03-18T00:54:30.848520,Switch,High Latency,1
2025-03-17T19:48:30.848525,RAN,Packet Loss,2
2025-03-17T05:43:30.848530,Switch,Hardware Fault,2
2025-03-16T20:53:30.848535,Router,Link Failure,5
2025-03-19T04:34:30.848545,Switch,Hardware Fault,3
2025-03-20T11:30:30.848550,Server,High Latency,1
2025-03-19T17:51:30.848555,Switch,Packet Loss,5
2025-03-15T07:46:30.848560,DWDM,Link Failure,5
2025-03-18T23:31:30.848565,Router,Hardware Fault,4
2025-03-19T04:03:30.848570,DWDM,High Latency,3
2025-03-18T03:29:30.848575,Router,Packet Loss,4
2025-03-15T02:45:30.848580,Server,Link Failure,2
2025-03-15T11:38:30.848585,Server,Hardware Fault,4
2025-03-15T11:04:30.848589,DWDM,Hardware Fault,5
2025-03-19T13:58:30.848594,Router,Hardware Fault,3
2025-03-18T05:05:30.848599,RAN,High Latency,2
2025-03-15T04:03:30.848616,Router,Hardware Fault,2
2025-03-18T01:45:30.848621,Switch,Packet Loss,3
2025-03-17T16:08:30.848626,Router,Packet Loss,5
2025-03-19T03:42:30.848631,Server,Link Failure,3
2025-03-18T08:03:30.848635,Server,Hardware Fault,3
2025-03-17T14:41:30.848640,RAN,Packet Loss,5
2025-03-19T22:27:30.848645,RAN,High Latency,4
2025-03-18T18:27:30.848650,Switch,Hardware Fault,5
2025-03-17T20:44:30.848655,Switch,Packet Loss,3
2025-03-16T16:01:30.848660,RAN,Hardware Fault,3
2025-03-20T04:36:30.848665,Router,Hardware Fault,1
2025-03-20T18:33:30.848670,Router,High Latency,4
2025-03-18T22:15:30.848674,DWDM,Packet Loss,3
2025-03-14T15:32:30.848679,Server,High Latency,3
2025-03-18T07:50:30.848684,Router,Link Failure,4
2025-03-17T21:26:30.848689,RAN,Packet Loss,1
2025-03-18T05:18:30.848694,DWDM,Packet Loss,4
2025-03-19T06:00:30.848698,DWDM,Hardware Fault,5
2025-03-16T04:05:30.848704,DWDM,Packet Loss,3
2025-03-20T11:54:30.848708,Router,High Latency,2
2025-03-15T04:55:30.848715,Server,Hardware Fault,4
2025-03-16T13:48:30.848720,Router,Link Failure,4
2025-03-17T20:05:30.848726,DWDM,Link Failure,2
2025-03-19T03:02:30.848731,RAN,Link Failure,5
2025-03-17T04:08:30.848736,Router,Link Failure,2
2025-03-19T12:16:30.848740,Switch,Packet Loss,1
2025-03-15T18:39:30.848746,RAN,Packet Loss,2
2025-03-20T20:20:30.848751,RAN,High Latency,1
2025-03-21T10:27:30.848756,Router,Hardware Fault,1
2025-03-18T04:46:30.848761,RAN,Hardware Fault,1
2025-03-14T14:44:30.848765,Router,Link Failure,3
2025-03-17T11:37:30.848770,RAN,Packet Loss,1
2025-03-18T17:56:30.848775,DWDM,High Latency,2
2025-03-15T12:07:30.848780,Router,Hardware Fault,1
2025-03-20T07:05:30.848784,Switch,Packet Loss,4
2025-03-18T13:45:30.848790,Switch,Packet Loss,5
2025-03-21T01:14:30.848795,RAN,Packet Loss,5
2025-03-17T06:18:30.848800,Server,Packet Loss,4
2025-03-15T01:01:30.848805,Router,Packet Loss,2
2025-03-17T10:59:30.848810,RAN,Packet Loss,3
2025-03-21T09:49:30.848814,Router,Hardware Fault,3
2025-03-20T00:35:30.848819,Switch,High Latency,5
2025-03-15T19:20:30.848824,DWDM,Hardware Fault,2
2025-03-20T13:29:30.848829,DWDM,Link Failure,3
2025-03-19T05:06:30.848834,Server,Link Failure,1
2025-03-15T03:35:30.848839,Switch,Packet Loss,5
2025-03-17T00:36:30.848843,RAN,High Latency,5
2025-03-16T21:34:30.848848,RAN,Hardware Fault,3
2025-03-20T14:49:30.848853,Router,Link Failure,4
2025-03-18T16:02:30.848858,Server,Link Failure,5
2025-03-20T14:17:30.848864,Router,Hardware Fault,4
2025-03-19T02:36:30.848869,DWDM,Hardware Fault,5
2025-03-16T15:47:30.848877,Switch,Hardware Fault,3
2025-03-15T01:06:30.848883,Router,Packet Loss,4
2025-03-18T19:16:30.848888,DWDM,Link Failure,5
2025-03-17T22:44:30.848892,DWDM,Packet Loss,2
2025-03-16T13:39:30.848897,RAN,Hardware Fault,1
2025-03-14T21:15:30.848902,Server,Packet Loss,3
2025-03-20T20:47:30.848907,DWDM,Link Failure,1
2025-03-15T22:39:30.848912,Switch,Packet Loss,4
2025-03-20T23:55:30.848917,Router,Hardware Fault,1
2025-03-20T15:18:30.848921,Switch,Link Failure,2
2025-03-18T08:12:30.848926,Server,Packet Loss,5
2025-03-17T05:51:30.848931,Switch,High Latency,5
2025-03-18T10:19:30.848938,DWDM,High Latency,4
2025-03-16T04:58:30.848942,Switch,High Latency,2
2025-03-14T23:56:30.848947,Router,High Latency,4
2025-03-16T16:02:30.848952,Router,Link Failure,4
2025-03-17T21:20:30.848957,Router,Packet Loss,4
2025-03-17T03:20:30.848962,Server,Hardware Fault,3
2025-03-14T23:22:30.848967,Router,Packet Loss,1
2025-03-17T01:09:30.848972,Switch,Hardware Fault,4
2025-03-16T21:44:30.848977,Switch,Link Failure,2
2025-03-21T02:02:30.848982,Switch,High Latency,2
2025-03-17T20:20:30.848987,DWDM,Hardware Fault,4
2025-03-19T05:42:30.848992,RAN,Packet Loss,5
2025-03-19T23:25:30.848997,RAN,Link Failure,4
2025-03-20T08:20:30.849002,RAN,Link Failure,3
2025-03-20T22:37:30.849007,Server,Packet Loss,3
2025-03-16T19:13:30.849011,Router,Packet Loss,4
2025-03-18T14:10:30.849016,DWDM,High Latency,3
2025-03-16T21:17:30.849021,RAN,Link Failure,5
2025-03-16T09:52:30.849026,DWDM,Packet Loss,2
2025-03-20T13:12:30.849031,RAN,Hardware Fault,2
2025-03-18T04:00:30.849037,DWDM,High Latency,3
2025-03-21T07:23:30.849042,Server,Link Failure,1
2025-03-20T23:23:30.849047,Router,Packet Loss,2
2025-03-20T05:17:30.849052,DWDM,Link Failure,5
2025-03-16T10:01:30.849057,RAN,Link Failure,2
2025-03-17T17:30:30.849062,Switch,Link Failure,3
2025-03-16T15:37:30.849067,DWDM,Hardware Fault,3
2025-03-21T08:44:30.849072,Router,Hardware Fault,4
2025-03-15T19:13:30.849077,Switch,Link Failure,1
2025-03-15T17:20:30.849082,DWDM,High Latency,2
2025-03-18T06:27:30.849087,Router,Hardware Fault,3
2025-03-21T06:16:30.849092,Server,Link Failure,2
2025-03-18T23:39:30.849097,Switch,Hardware Fault,1
2025-03-18T11:33:30.849102,Server,Hardware Fault,4
2025-03-19T13:21:30.849106,DWDM,Packet Loss,4
2025-03-19T02:09:30.849111,DWDM,Packet Loss,5
2025-03-20T00:35:30.849116,Router,High Latency,5
2025-03-18T05:58:30.849121,Server,Packet Loss,2
2025-03-21T02:59:30.849126,Server,Link Failure,2
2025-03-20T07:17:30.849131,Router,High Latency,2
2025-03-17T16:33:30.849136,DWDM,High Latency,4
2025-03-19T18:40:30.849140,Router,Link Failure,5
2025-03-15T06:39:30.849145,RAN,Hardware Fault,2
2025-03-14T18:49:30.849150,Switch,Hardware Fault,2
2025-03-15T11:07:30.849155,Server,Link Failure,1
2025-03-16T00:47:30.849160,Router,Packet Loss,3
2025-03-19T23:30:30.849165,Switch,Hardware Fault,5
2025-03-16T16:22:30.849170,DWDM,Packet Loss,3
2025-03-16T03:50:30.849175,Switch,Hardware Fault,5
2025-03-19T22:03:30.849179,Router,Link Failure,5
2025-03-17T12:52:30.849184,DWDM,Link Failure,4
2025-03-16T04:58:30.849189,Router,High Latency,2
2025-03-17T20:05:30.849196,Server,Packet Loss,4
2025-03-18T21:51:30.849201,RAN,Packet Loss,3
2025-03-20T06:58:30.849206,DWDM,High Latency,2
2025-03-17T12:35:30.849211,DWDM,Packet Loss,2
2025-03-16T06:23:30.849216,RAN,High Latency,5
2025-03-17T20:56:30.849221,Server,Packet Loss,2
2025-03-20T17:59:30.849225,RAN,Link Failure,3
2025-03-14T21:59:30.849230,RAN,Link Failure,4
2025-03-14T19:48:30.849235,RAN,Hardware Fault,5
2025-03-17T22:09:30.849240,DWDM,Packet Loss,3
2025-03-19T15:03:30.849244,DWDM,High Latency,3
2025-03-17T00:46:30.849249,Server,Link Failure,5
2025-03-19T11:55:30.849254,RAN,Packet Loss,1
2025-03-18T10:01:30.849259,RAN,Packet Loss,1
2025-03-15T09:36:30.849265,Router,High Latency,5
2025-03-20T11:29:30.849270,Router,Link Failure,1
2025-03-17T23:57:30.849274,Router,Link Failure,5
2025-03-15T06:49:30.849279,Server,Link Failure,1
2025-03-18T23:20:30.849284,DWDM,Link Failure,4
2025-03-20T17:11:30.849289,Server,High Latency,3
2025-03-15T11:17:30.849294,Switch,High Latency,2
2025-03-21T08:00:30.849299,Server,Packet Loss,4
2025-03-20T22:35:30.849304,Router,High Latency,4
2025-03-16T07:02:30.849309,RAN,High Latency,1
2025-03-21T09:49:30.849314,Router,Packet Loss,1
2025-03-16T05:54:30.849319,Router,Hardware Fault,1
2025-03-15T13:43:30.849324,Router,Packet Loss,4
2025-03-17T04:12:30.849328,DWDM,High Latency,3
2025-03-18T09:06:30.849333,RAN,Hardware Fault,3
2025-03-14T14:11:30.849338,Switch,High Latency,4
2025-03-16T03:23:30.849343,Router,Hardware Fault,1
2025-03-20T03:08:30.849348,Server,Hardware Fault,5
2025-03-16T08:09:30.849354,Server,Packet Loss,5
2025-03-16T13:08:30.849359,DWDM,High Latency,4
2025-03-15T10:20:30.849364,Router,Link Failure,1
2025-03-18T07:36:30.849369,Switch,Hardware Fault,4
2025-03-18T02:54:30.849374,Router,Packet Loss,4
2025-03-15T18:16:30.849379,Switch,High Latency,2
2025-03-15T20:16:30.849383,Router,Hardware Fault,2
2025-03-21T08:20:30.849388,Router,Packet Loss,5
2025-03-20T08:02:30.849393,Switch,Link Failure,4
2025-03-19T09:08:30.849398,Server,High Latency,3
2025-03-15T17:27:30.849403,RAN,Link Failure,1
2025-03-16T10:42:30.849408,RAN,Hardware Fault,3
2025-03-17T04:45:30.849416,Server,Hardware Fault,1
2025-03-15T06:39:30.849421,Router,Hardware Fault,5
2025-03-16T07:46:30.849426,DWDM,High Latency,2
2025-03-20T04:27:30.849431,RAN,High Latency,3
2025-03-19T09:14:30.849436,Server,Link Failure,2
2025-03-20T04:26:30.849441,Server,Packet Loss,3
2025-03-21T05:31:30.849446,Server,Packet Loss,2
2025-03-19T20:12:30.849451,Router,Hardware Fault,4
2025-03-16T01:41:30.849455,Router,Packet Loss,4
2025-03-21T05:37:30.849460,DWDM,High Latency,5
2025-03-21T04:32:30.849465,Server,Hardware Fault,2
2025-03-16T08:34:30.849470,Server,Hardware Fault,2
2025-03-17T17:02:30.849475,RAN,High Latency,4
2025-03-16T06:35:30.849480,RAN,Packet Loss,1
2025-03-16T12:41:30.849485,Router,Packet Loss,2
2025-03-16T19:13:30.849490,Router,Link Failure,2
2025-03-16T22:36:30.849495,RAN,Packet Loss,5
2025-03-18T09:08:30.849499,Server,Link Failure,3
2025-03-15T17:25:30.849504,Router,Packet Loss,3
2025-03-19T05:58:30.849509,Router,Hardware Fault,3
2025-03-15T08:25:30.849515,RAN,Hardware Fault,2
2025-03-16T20:25:30.849520,DWDM,Link Failure,3
2025-03-16T18:45:30.849525,Router,High Latency,4
2025-03-16T03:00:30.849530,RAN,Link Failure,5
2025-03-15T22:16:30.849535,Router,High Latency,1
2025-03-15T20:02:30.849540,Router,High Latency,1
2025-03-21T07:03:30.849545,Switch,Packet Loss,5
2025-03-18T18:01:30.849549,DWDM,Link Failure,2
2025-03-14T22:41:30.849554,DWDM,Packet Loss,4
2025-03-20T22:44:30.849563,Switch,Hardware Fault,2
2025-03-17T08:16:30.849568,RAN,High Latency,5
2025-03-15T22:53:30.849573,Switch,Packet Loss,1
2025-03-18T20:50:30.849578,DWDM,High Latency,3
2025-03-20T20:02:30.849583,Router,Hardware Fault,4
2025-03-16T11:01:30.849587,Server,High Latency,5
2025-03-15T14:31:30.849592,RAN,Hardware Fault,1
2025-03-20T21:10:30.849597,DWDM,Hardware Fault,2
2025-03-20T19:13:30.849602,DWDM,Hardware Fault,3
2025-03-20T19:56:30.849607,RAN,Hardware Fault,2
2025-03-17T20:15:30.849612,RAN,Hardware Fault,1
2025-03-18T09:33:30.849617,Server,Link Failure,1
2025-03-14T23:45:30.849621,DWDM,Link Failure,2
2025-03-15T09:59:30.849626,DWDM,Hardware Fault,4
2025-03-19T02:18:30.849631,Switch,High Latency,5
2025-03-20T15:07:30.849636,DWDM,Hardware Fault,2
2025-03-17T08:55:30.849642,Server,High Latency,4
2025-03-19T20:57:30.849647,DWDM,High Latency,4
2025-03-20T06:06:30.849651,DWDM,High Latency,2
2025-03-17T12:22:30.849656,RAN,High Latency,3
2025-03-15T06:40:30.849661,Switch,High Latency,4
2025-03-18T05:48:30.849666,Server,High Latency,1
2025-03-14T20:03:30.849671,Server,Packet Loss,1
2025-03-16T05:06:30.849680,Switch,Link Failure,3
2025-03-20T04:41:30.849685,Switch,Packet Loss,3
2025-03-20T17:24:30.849690,Switch,Link Failure,4
2025-03-14T17:14:30.849695,Server,High Latency,5
2025-03-21T06:21:30.849700,Switch,Hardware Fault,4
2025-03-20T00:53:30.849705,Server,Link Failure,3
2025-03-19T18:05:30.849710,DWDM,Link Failure,3
2025-03-21T05:19:30.849715,Server,High Latency,4
2025-03-20T18:23:30.849720,DWDM,Link Failure,5
2025-03-17T10:19:30.849725,Switch,Packet Loss,3
2025-03-14T19:18:30.849729,Switch,Link Failure,3
2025-03-20T19:04:30.849734,RAN,Hardware Fault,4
2025-03-21T09:25:30.849740,Switch,Link Failure,2
2025-03-17T17:03:30.849744,Router,Packet Loss,5
2025-03-14T16:59:30.849749,Router,Link Failure,3
2025-03-18T05:53:30.849754,Router,High Latency,1
2025-03-16T14:15:30.849759,Router,Hardware Fault,1
2025-03-18T03:09:30.849764,RAN,Packet Loss,3
2025-03-14T19:06:30.849769,RAN,Link Failure,2
2025-03-21T09:01:30.849774,RAN,High Latency,3
2025-03-16T09:44:30.849779,DWDM,Packet Loss,5
2025-03-20T02:15:30.849784,Switch,High Latency,5
2025-03-21T06:45:30.849789,Router,Link Failure,2
2025-03-17T15:25:30.849794,Switch,Packet Loss,4
2025-03-20T06:06:30.849799,Switch,Link Failure,5
2025-03-19T07:11:30.849803,RAN,Hardware Fault,5
2025-03-15T17:41:30.849808,RAN,Hardware Fault,5
2025-03-19T14:03:30.849813,Server,High Latency,1
2025-03-21T06:46:30.849818,RAN,Hardware Fault,4
2025-03-14T13:12:30.849823,Server,Link Failure,1
2025-03-19T12:15:30.849828,Router,Hardware Fault,1
2025-03-17T16:23:30.849832,Router,Hardware Fault,3
2025-03-14T23:14:30.849839,DWDM,High Latency,2
2025-03-20T11:09:30.849844,Router,Hardware Fault,1
2025-03-15T17:37:30.849849,DWDM,Packet Loss,1
2025-03-20T06:58:30.849854,Router,Hardware Fault,4
2025-03-15T04:56:30.849859,Router,Packet Loss,5
2025-03-20T22:08:30.849864,RAN,Hardware Fault,3
2025-03-15T20:19:30.849869,Server,High Latency,5
2025-03-16T02:53:30.849874,Switch,Link Failure,4
2025-03-21T05:40:30.849879,DWDM,Packet Loss,4
2025-03-16T00:21:30.849886,RAN,Packet Loss,5
2025-03-18T08:37:30.849891,Server,Packet Loss,3
2025-03-15T19:28:30.849896,Router,Hardware Fault,3
2025-03-15T03:45:30.849901,Switch,Hardware Fault,2
2025-03-16T07:01:30.849906,RAN,Packet Loss,1
2025-03-21T09:46:30.849911,DWDM,High Latency,4
2025-03-19T22:18:30.849915,Router,Link Failure,5
2025-03-16T18:58:30.849920,DWDM,High Latency,2
2025-03-15T03:42:30.849925,DWDM,High Latency,4
2025-03-20T11:35:30.849930,Router,High Latency,5
2025-03-18T11:21:30.849935,Router,Link Failure,1
2025-03-15T01:04:30.849940,Router,Link Failure,3
2025-03-15T00:39:30.849945,Router,Link Failure,3
2025-03-16T15:29:30.849950,Server,Hardware Fault,1
2025-03-16T18:52:30.849955,Server,Link Failure,4
2025-03-18T03:28:30.849959,DWDM,High Latency,4
2025-03-14T22:51:30.849964,RAN,Link Failure,5
2025-03-16T15:00:30.849969,Server,Packet Loss,2
2025-03-20T13:43:30.849974,Switch,Link Failure,1
2025-03-16T20:26:30.849979,Switch,Packet Loss,4
2025-03-19T21:48:30.849984,DWDM,Packet Loss,1
2025-03-20T15:24:30.849989,RAN,Hardware Fault,3
2025-03-18T07:12:30.849994,DWDM,Hardware Fault,5
2025-03-18T22:38:30.849999,Server,Hardware Fault,3
2025-03-16T08:02:30.850003,RAN,High Latency,5
2025-03-18T05:44:30.850009,Switch,Packet Loss,5
2025-03-18T11:38:30.850014,Router,High Latency,4
2025-03-16T06:54:30.850019,RAN,High Latency,5
2025-03-15T23:53:30.850024,RAN,Packet Loss,2
2025-03-16T02:15:30.850029,Server,High Latency,2
2025-03-18T01:06:30.850034,DWDM,High Latency,4
2025-03-20T17:49:30.850039,Router,High Latency,2
2025-03-17T18:55:30.850044,RAN,High Latency,2
2025-03-15T21:31:30.850049,Router,High Latency,5
2025-03-17T21:01:30.850054,DWDM,High Latency,5
2025-03-17T04:50:30.850059,DWDM,Link Failure,1
2025-03-21T04:47:30.850064,DWDM,Link Failure,4
2025-03-20T12:31:30.850069,RAN,High Latency,2
2025-03-17T16:00:30.850075,Router,High Latency,3
2025-03-16T00:27:30.850080,Server,Link Failure,2
2025-03-17T07:02:30.850085,DWDM,Hardware Fault,1
2025-03-16T07:49:30.850090,Router,Hardware Fault,4
2025-03-19T09:20:30.850095,Server,Packet Loss,5
2025-03-18T15:04:30.850100,Server,Packet Loss,3
2025-03-21T00:17:30.850104,RAN,High Latency,4
2025-03-17T05:35:30.850110,DWDM,Hardware Fault,5
2025-03-15T13:32:30.850115,Server,Hardware Fault,1
2025-03-20T04:42:30.850120,Server,Packet Loss,3
2025-03-14T14:59:30.850125,Router,Packet Loss,2
2025-03-16T15:22:30.850130,DWDM,Packet Loss,3
2025-03-15T12:51:30.850135,Switch,Link Failure,3
2025-03-20T21:56:30.850140,RAN,Link Failure,2
2025-03-18T02:51:30.850144,RAN,High Latency,4
2025-03-19T00:36:30.850149,Switch,Link Failure,4
2025-03-15T00:09:30.850181,DWDM,Hardware Fault,3
2025-03-18T23:14:30.850186,Switch,Packet Loss,1
2025-03-14T20:16:30.850191,Router,Link Failure,3
2025-03-17T18:39:30.850196,DWDM,Link Failure,5
2025-03-18T15:45:30.850201,Router,Hardware Fault,4
2025-03-19T14:39:30.850206,RAN,High Latency,4
2025-03-21T07:04:30.850211,DWDM,High Latency,5
2025-03-20T10:03:30.850216,Server,Packet Loss,1
2025-03-16T18:20:30.850221,Switch,Link Failure,2
2025-03-20T09:11:30.850226,Router,High Latency,3
2025-03-16T16:15:30.850236,Server,Hardware Fault,1
2025-03-20T16:41:30.850241,RAN,Hardware Fault,1
2025-03-19T03:18:30.850246,Server,High Latency,3
2025-03-18T20:03:30.850250,Server,Packet Loss,1
2025-03-21T02:14:30.850255,Switch,Hardware Fault,1
2025-03-20T06:58:30.850260,Router,Hardware Fault,4
2025-03-15T05:04:30.850265,DWDM,Link Failure,4
2025-03-15T14:36:30.850270,Switch,High Latency,1
2025-03-18T13:07:30.850274,RAN,High Latency,1
2025-03-16T14:42:30.850279,Server,High Latency,1
2025-03-17T21:08:30.850284,Server,Link Failure,4
2025-03-15T04:57:30.850289,DWDM,Packet Loss,4
2025-03-16T10:40:30.850294,Server,Hardware Fault,4
2025-03-14T12:54:30.850299,Switch,Link Failure,1
2025-03-17T18:09:30.850304,Switch,Packet Loss,3
2025-03-18T18:47:30.850309,Server,Packet Loss,2
2025-03-20T14:59:30.850314,Router,High Latency,5
2025-03-20T00:55:30.850319,RAN,Hardware Fault,2
2025-03-17T07:37:30.850323,Switch,Hardware Fault,4
2025-03-21T00:35:30.850329,Server,Packet Loss,3
2025-03-16T05:23:30.850333,RAN,Link Failure,2
2025-03-20T23:39:30.850338,Switch,Hardware Fault,5
2025-03-21T08:04:30.850345,Switch,Hardware Fault,5
2025-03-17T07:30:30.850355,Server,Link Failure,3
2025-03-16T22:01:30.850359,RAN,Packet Loss,3
2025-03-16T17:42:30.850364,Switch,Packet Loss,2
2025-03-15T19:53:30.850369,RAN,High Latency,1
2025-03-16T05:42:30.850374,RAN,Link Failure,1
2025-03-16T10:21:30.850379,DWDM,Hardware Fault,3
2025-03-18T12:46:30.850383,DWDM,Hardware Fault,3
2025-03-15T22:10:30.850388,Server,Link Failure,3
2025-03-19T02:05:30.850393,Switch,Hardware Fault,4
2025-03-14T19:43:30.850398,Switch,Packet Loss,3
2025-03-18T10:14:30.850403,RAN,Packet Loss,4
2025-03-15T02:11:30.850408,Router,Link Failure,1
2025-03-20T23:51:30.850413,Server,Packet Loss,5
2025-03-21T08:14:30.850418,Switch,Hardware Fault,4
2025-03-19T17:52:30.850423,DWDM,High Latency,3
2025-03-17T00:24:30.850427,Server,Link Failure,4
2025-03-16T13:55:30.850432,DWDM,Link Failure,5
2025-03-16T14:04:30.850437,Router,High Latency,5
2025-03-15T19:40:30.850442,Router,High Latency,5
2025-03-17T10:56:30.850447,Server,High Latency,2
2025-03-15T06:51:30.850451,Server,Hardware Fault,5
2025-03-16T13:03:30.850463,RAN,Hardware Fault,1
2025-03-16T07:36:30.850468,Router,High Latency,5
2025-03-16T15:25:30.850473,RAN,Packet Loss,3
2025-03-17T09:28:30.850478,Router,Hardware Fault,1
2025-03-20T22:26:30.850483,RAN,Link Failure,5
2025-03-15T13:44:30.850488,Server,High Latency,2
2025-03-15T11:02:30.850493,RAN,Packet Loss,2
2025-03-15T21:37:30.850498,DWDM,Link Failure,5
2025-03-15T20:11:30.850503,Server,Packet Loss,4
2025-03-19T09:15:30.850507,Switch,Hardware Fault,5
2025-03-21T10:41:30.850514,RAN,Link Failure,4
2025-03-20T17:08:30.850519,Switch,Hardware Fault,1
2025-03-16T06:49:30.850524,Server,Hardware Fault,1
2025-03-15T15:56:30.850529,Server,Hardware Fault,2
2025-03-20T03:45:30.850533,RAN,Packet Loss,1
2025-03-19T14:53:30.850538,Router,High Latency,1
2025-03-20T16:11:30.850543,Server,Packet Loss,4
2025-03-14T15:49:30.850548,RAN,High Latency,5
2025-03-18T04:37:30.850553,DWDM,Link Failure,4
2025-03-19T16:42:30.850557,Router,Link Failure,1
2025-03-17T22:43:30.850564,Switch,High Latency,4
2025-03-19T21:23:30.850568,RAN,Packet Loss,3
2025-03-17T13:14:30.850573,DWDM,Link Failure,2
2025-03-18T04:30:30.850578,Switch,High Latency,1
2025-03-15T10:51:30.850583,Router,High Latency,3
2025-03-19T03:14:30.850588,Server,Link Failure,4
2025-03-19T00:16:30.850593,Router,Packet Loss,1
2025-03-16T20:37:30.850598,DWDM,Packet Loss,4
2025-03-20T21:03:30.850602,Switch,High Latency,5
2025-03-14T18:16:30.850607,Switch,Packet Loss,4
2025-03-15T19:58:30.850612,Router,Hardware Fault,3
2025-03-18T16:41:30.850617,RAN,Packet Loss,3
2025-03-18T05:34:30.850622,RAN,Hardware Fault,1
2025-03-16T16:33:30.850627,DWDM,Hardware Fault,5
2025-03-19T01:26:30.850632,DWDM,Hardware Fault,2
2025-03-21T05:20:30.850637,Router,Link Failure,2
2025-03-17T20:41:30.850643,DWDM,Link Failure,3
2025-03-18T11:16:30.850647,Server,High Latency,5
2025-03-19T23:11:30.850652,Switch,Packet Loss,4
2025-03-16T03:29:30.850657,Router,Hardware Fault,5
2025-03-18T18:37:30.850662,Server,Packet Loss,2
2025-03-16T05:49:30.850667,RAN,High Latency,2
2025-03-18T16:07:30.850674,RAN,High Latency,5
2025-03-15T22:50:30.850678,Server,High Latency,2
2025-03-20T12:38:30.850683,Router,High Latency,1
2025-03-19T00:08:30.850688,Switch,Packet Loss,3
2025-03-16T01:27:30.850693,Switch,High Latency,3
2025-03-16T04:41:30.850697,DWDM,High Latency,2
2025-03-15T03:01:30.850702,DWDM,Packet Loss,3
2025-03-19T23:01:30.850707,RAN,Hardware Fault,3
2025-03-17T01:47:30.850712,Server,High Latency,2
2025-03-15T00:31:30.850717,Router,Packet Loss,1
2025-03-15T02:11:30.850722,RAN,Link Failure,3
2025-03-21T02:30:30.850727,Router,Hardware Fault,4
2025-03-17T03:08:30.850732,DWDM,Link Failure,2
2025-03-17T00:49:30.850736,Router,Link Failure,5
2025-03-14T17:32:30.850742,Switch,Packet Loss,1
2025-03-20T09:39:30.850746,DWDM,Hardware Fault,5
2025-03-14T20:07:30.850751,Switch,High Latency,2
2025-03-16T15:13:30.850756,Router,Hardware Fault,1
2025-03-19T14:43:30.850761,DWDM,High Latency,3
2025-03-20T11:07:30.850767,Router,Hardware Fault,1
2025-03-18T09:53:30.850771,RAN,Hardware Fault,5
2025-03-16T07:21:30.850776,Server,Packet Loss,5
2025-03-16T22:22:30.850781,Server,Link Failure,4
2025-03-18T23:12:30.850786,DWDM,High Latency,2
2025-03-19T09:24:30.850791,Router,Link Failure,5
2025-03-14T15:20:30.850796,Router,Link Failure,5
2025-03-16T23:33:30.850801,Switch,Link Failure,1
2025-03-18T22:55:30.850805,Switch,High Latency,3
2025-03-14T16:08:30.850810,DWDM,Link Failure,5
2025-03-16T05:03:30.850815,RAN,High Latency,3
2025-03-17T10:00:30.850820,Router,Hardware Fault,1
2025-03-16T19:21:30.850825,Server,High Latency,1
2025-03-16T08:05:30.850835,RAN,Link Failure,1
2025-03-14T19:18:30.850840,Switch,Packet Loss,1
2025-03-17T19:43:30.850845,DWDM,Link Failure,4
2025-03-15T03:47:30.850850,Router,Hardware Fault,1
2025-03-17T12:58:30.850854,DWDM,Link Failure,4
2025-03-21T03:14:30.850859,Router,High Latency,4
2025-03-20T14:51:30.850865,RAN,Link Failure,1
2025-03-19T07:48:30.850869,DWDM,High Latency,3
2025-03-14T21:17:30.850874,RAN,High Latency,3
2025-03-16T11:22:30.850879,RAN,Hardware Fault,2
2025-03-18T05:13:30.850887,Server,Hardware Fault,1
2025-03-17T01:29:30.850892,DWDM,High Latency,2
2025-03-15T04:59:30.850897,Router,Packet Loss,2
2025-03-18T23:06:30.850902,Switch,Link Failure,2
2025-03-18T08:04:30.850908,RAN,Link Failure,3
2025-03-17T12:10:30.850913,DWDM,Link Failure,3
2025-03-14T18:50:30.850918,RAN,Hardware Fault,3
2025-03-21T02:09:30.850923,Router,Link Failure,1
2025-03-21T02:09:30.850928,RAN,High Latency,5
2025-03-17T17:44:30.850933,DWDM,Packet Loss,2
2025-03-17T03:07:30.850938,Server,Link Failure,1
2025-03-17T05:25:30.850942,DWDM,High Latency,1
2025-03-19T12:28:30.850947,Server,High Latency,2
2025-03-18T22:56:30.850952,Server,Packet Loss,1
2025-03-20T17:51:30.850957,Server,Hardware Fault,1
2025-03-17T18:53:30.850961,Server,Link Failure,3
2025-03-17T06:14:30.850967,Server,High Latency,5
2025-03-18T23:57:30.850972,Switch,Hardware Fault,3
2025-03-17T19:48:30.850976,DWDM,Link Failure,3
2025-03-19T19:35:30.850985,Router,Hardware Fault,2
2025-03-15T18:06:30.850990,DWDM,High Latency,1
2025-03-17T23:26:30.850995,DWDM,Packet Loss,2
2025-03-15T21:33:30.851001,Router,High Latency,4
2025-03-16T03:45:30.851006,Switch,Packet Loss,1
2025-03-20T07:33:30.851012,Router,High Latency,2
2025-03-16T09:33:30.851017,Server,Link Failure,2
2025-03-17T21:58:30.851022,RAN,Packet Loss,1
2025-03-21T09:45:30.851026,Switch,Packet Loss,1
2025-03-18T16:32:30.851031,RAN,Hardware Fault,3
2025-03-17T01:55:30.851036,DWDM,High Latency,5
2025-03-21T02:44:30.851041,Switch,High Latency,5
2025-03-17T10:05:30.851046,DWDM,Packet Loss,2
2025-03-19T19:26:30.851051,Switch,Hardware Fault,1
2025-03-20T23:27:30.851056,Server,Packet Loss,1
2025-03-19T15:13:30.851061,Switch,Hardware Fault,3
2025-03-20T05:34:30.851066,Router,Packet Loss,5
2025-03-17T11:09:30.851070,RAN,Packet Loss,4
2025-03-17T00:28:30.851075,DWDM,Link Failure,5
2025-03-20T03:20:30.851080,Switch,Hardware Fault,3
2025-03-17T06:13:30.851085,DWDM,High Latency,2
2025-03-20T00:21:30.851090,Switch,Link Failure,2
2025-03-14T23:39:30.851095,Router,Hardware Fault,1
2025-03-15T10:05:30.851100,Switch,Hardware Fault,5
2025-03-14T14:04:30.851106,RAN,Hardware Fault,3
2025-03-17T00:43:30.851110,Switch,High Latency,4
2025-03-17T00:40:30.851115,Switch,Link Failure,4
2025-03-21T07:16:30.851120,DWDM,Packet Loss,5
2025-03-15T17:28:30.851125,RAN,High Latency,4
2025-03-20T01:55:30.851129,RAN,High Latency,4
2025-03-15T22:45:30.851134,RAN,Packet Loss,5
2025-03-21T02:35:30.851139,Router,Hardware Fault,3
2025-03-16T12:09:30.851144,Server,Link Failure,4
2025-03-15T22:43:30.851149,DWDM,High Latency,1
2025-03-17T05:35:30.851154,Switch,High Latency,2
2025-03-15T22:34:30.851160,Switch,Packet Loss,2
2025-03-17T07:34:30.851165,Router,Hardware Fault,3
2025-03-21T02:17:30.851170,Router,Packet Loss,2
2025-03-14T12:50:30.851175,Switch,Hardware Fault,4
2025-03-20T02:29:30.851180,Server,Hardware Fault,3
2025-03-15T15:50:30.851185,DWDM,Link Failure,2
2025-03-18T09:19:30.851191,Router,High Latency,5
2025-03-17T03:41:30.851196,Server,Link Failure,5
2025-03-17T01:57:30.851201,Switch,Hardware Fault,5
2025-03-15T10:10:30.851206,Server,Link Failure,1
2025-03-19T12:53:30.851213,Router,Hardware Fault,1
2025-03-17T03:31:30.851218,Switch,Packet Loss,4
2025-03-15T22:42:30.851223,DWDM,Link Failure,2
2025-03-19T02:27:30.851228,Switch,Packet Loss,3
2025-03-16T10:22:30.851232,DWDM,Hardware Fault,5
2025-03-17T21:54:30.851237,Router,Link Failure,1
2025-03-18T17:35:30.851242,Server,Hardware Fault,5
2025-03-18T08:44:30.851247,RAN,Packet Loss,4
2025-03-16T04:59:30.851252,Switch,High Latency,5
2025-03-21T02:27:30.851257,RAN,Packet Loss,1
2025-03-20T07:58:30.851262,DWDM,High Latency,2
2025-03-17T19:24:30.851267,Router,Packet Loss,4
2025-03-17T07:42:30.851272,DWDM,Packet Loss,1
2025-03-18T23:15:30.851277,Server,Packet Loss,3
2025-03-18T22:51:30.851281,Switch,Link Failure,2
2025-03-15T18:19:30.851286,Router,Hardware Fault,5
2025-03-19T15:16:30.851291,Router,Link Failure,4
2025-03-19T19:40:30.851296,Router,Hardware Fault,2
2025-03-20T15:37:30.851301,Server,Link Failure,3
2025-03-15T04:37:30.851306,Router,Hardware Fault,4
2025-03-18T17:51:30.851311,DWDM,High Latency,1
2025-03-19T14:13:30.851316,Server,High Latency,4
2025-03-19T17:20:30.851325,Switch,Link Failure,3
2025-03-21T09:11:30.851330,DWDM,Link Failure,5
2025-03-18T21:59:30.851335,RAN,Packet Loss,4
2025-03-14T15:05:30.851340,DWDM,Link Failure,4
2025-03-21T03:29:30.851345,RAN,Hardware Fault,2
2025-03-14T18:26:30.851350,Server,Packet Loss,2
2025-03-18T05:22:30.851354,Switch,High Latency,1
2025-03-19T04:59:30.851359,Server,Packet Loss,1
2025-03-18T00:48:30.851364,Router,Link Failure,1
2025-03-18T00:53:30.851369,Server,Packet Loss,2
2025-03-20T12:03:30.851374,Router,Link Failure,2
2025-03-20T08:10:30.851378,RAN,Hardware Fault,1
2025-03-17T17:46:30.851383,DWDM,Link Failure,1
2025-03-19T08:40:30.851390,Router,Packet Loss,2
2025-03-14T18:47:30.851395,DWDM,High Latency,2
2025-03-15T07:37:30.851399,RAN,Hardware Fault,2
2025-03-17T03:50:30.851404,Server,Packet Loss,4
2025-03-15T04:32:30.851414,DWDM,Link Failure,4
2025-03-19T22:57:30.851419,DWDM,Link Failure,3
2025-03-18T19:06:30.851424,Switch,Link Failure,5
2025-03-21T07:29:30.851429,RAN,Link Failure,1
2025-03-16T00:41:30.851434,Switch,Packet Loss,2
2025-03-19T07:29:30.851439,Switch,High Latency,5
2025-03-16T09:41:30.851443,Router,Hardware Fault,1
2025-03-19T03:36:30.851449,DWDM,Hardware Fault,5
2025-03-16T05:43:30.851454,Server,Hardware Fault,1
2025-03-17T16:30:30.851459,Server,Packet Loss,5
2025-03-19T01:26:30.851463,Switch,High Latency,4
2025-03-16T07:18:30.851468,Server,Packet Loss,1
2025-03-19T22:24:30.851473,RAN,High Latency,2
2025-03-17T15:24:30.851478,Switch,High Latency,2
2025-03-20T01:44:30.851483,Switch,High Latency,4
2025-03-20T05:49:30.851492,RAN,Packet Loss,4
2025-03-14T23:14:30.851497,Router,Packet Loss,2
2025-03-15T15:35:30.851502,Router,Link Failure,2
2025-03-17T23:42:30.851507,RAN,Hardware Fault,1
2025-03-21T09:28:30.851512,DWDM,Hardware Fault,1
2025-03-14T19:07:30.851517,Switch,Link Failure,1
2025-03-20T03:18:30.851521,DWDM,Hardware Fault,4
2025-03-14T18:22:30.851527,Switch,Link Failure,5
2025-03-15T10:54:30.851531,DWDM,Packet Loss,2
2025-03-16T09:37:30.851536,DWDM,High Latency,2
2025-03-17T18:56:30.851545,Switch,High Latency,5
2025-03-15T08:45:30.851550,DWDM,Hardware Fault,5
2025-03-15T07:19:30.851555,Router,Packet Loss,3
2025-03-18T05:15:30.851560,DWDM,Link Failure,4
2025-03-14T13:17:30.851565,RAN,Link Failure,4
2025-03-21T09:34:30.851570,Switch,High Latency,5
2025-03-16T21:03:30.851575,Switch,Link Failure,2
2025-03-20T10:13:30.851580,Router,Link Failure,5
2025-03-17T04:44:30.851585,DWDM,Link Failure,5
2025-03-17T10:42:30.851590,RAN,Link Failure,2
2025-03-20T21:50:30.851595,Switch,Packet Loss,5
2025-03-17T04:25:30.851600,Router,Link Failure,2
2025-03-19T15:37:30.851605,Router,Hardware Fault,5
2025-03-16T18:48:30.851610,Server,Hardware Fault,5
2025-03-15T14:31:30.851614,RAN,Hardware Fault,2
2025-03-14T20:00:30.851619,Server,High Latency,5
2025-03-21T01:38:30.851624,Server,Link Failure,5
2025-03-21T10:15:30.851630,Server,Packet Loss,3
2025-03-20T07:56:30.851635,RAN,Link Failure,3
2025-03-21T09:33:30.851640,Server,Link Failure,4
2025-03-16T11:52:30.851645,Server,High Latency,2
2025-03-17T00:18:30.851650,Server,Packet Loss,1
2025-03-17T15:14:30.851657,DWDM,Hardware Fault,4
2025-03-19T06:43:30.851662,RAN,Hardware Fault,1
2025-03-19T12:23:30.851667,Router,Hardware Fault,1
2025-03-15T18:08:30.851672,DWDM,Hardware Fault,2
2025-03-20T18:03:30.851676,Router,High Latency,5
2025-03-19T10:46:30.851681,Router,Link Failure,1
2025-03-20T01:30:30.851686,Server,High Latency,2
2025-03-15T05:01:30.851691,DWDM,Packet Loss,2
2025-03-14T14:39:30.851696,Server,Hardware Fault,1
2025-03-17T01:49:30.851701,DWDM,Link Failure,1
2025-03-20T21:03:30.851706,Switch,Link Failure,3
2025-03-18T01:55:30.851711,Router,Hardware Fault,4
2025-03-16T13:18:30.851715,Server,Hardware Fault,5
2025-03-19T02:16:30.851720,Router,Packet Loss,2
2025-03-19T22:01:30.851725,Switch,Link Failure,5
2025-03-18T04:15:30.851730,Switch,High Latency,5
2025-03-19T02:04:30.851735,Router,Hardware Fault,5
2025-03-19T16:42:30.851740,Switch,Hardware Fault,5
2025-03-17T11:38:30.851744,DWDM,High Latency,5
2025-03-18T16:59:30.851749,RAN,Link Failure,2
2025-03-14T22:46:30.851754,DWDM,High Latency,5
2025-03-16T14:54:30.851759,Switch,Packet Loss,4
2025-03-14T14:58:30.851764,RAN,Packet Loss,1
2025-03-15T13:13:30.851769,Server,High Latency,1
2025-03-21T10:13:30.851774,DWDM,Hardware Fault,2
2025-03-19T01:24:30.851779,Server,Link Failure,3
2025-03-17T09:29:30.851784,RAN,High Latency,1
2025-03-17T04:34:30.851788,Server,High Latency,4
2025-03-20T01:54:30.851793,Switch,Hardware Fault,4
2025-03-19T11:43:30.851798,RAN,Link Failure,4
2025-03-17T09:57:30.851803,Switch,Link Failure,2
2025-03-21T01:18:30.851808,Server,High Latency,5
2025-03-20T08:41:30.851815,DWDM,High Latency,1
2025-03-17T15:41:30.851820,RAN,Packet Loss,5
2025-03-20T09:31:30.851825,Server,Hardware Fault,1
2025-03-19T20:38:30.851830,Router,Hardware Fault,5
2025-03-17T17:17:30.851834,Server,Hardware Fault,5
2025-03-19T19:49:30.851841,RAN,High Latency,2
2025-03-19T12:40:30.851845,DWDM,High Latency,3
2025-03-20T21:07:30.851850,Router,Hardware Fault,1
2025-03-14T23:49:30.851855,DWDM,Packet Loss,5
2025-03-20T21:27:30.851861,Router,Hardware Fault,5
2025-03-17T17:25:30.851867,Router,Link Failure,1
2025-03-21T10:03:30.851873,RAN,High Latency,1
2025-03-20T00:53:30.851879,RAN,Packet Loss,2
2025-03-15T14:18:30.851884,Switch,High Latency,5
2025-03-15T08:49:30.851890,DWDM,Link Failure,3
2025-03-18T22:28:30.851895,RAN,Hardware Fault,1
2025-03-17T23:44:30.851900,Server,Hardware Fault,5
2025-03-15T21:03:30.851905,Server,Link Failure,4
2025-03-17T00:16:30.851910,Router,Link Failure,5
2025-03-17T06:14:30.851915,RAN,High Latency,2
2025-03-17T13:05:30.851920,DWDM,Hardware Fault,3
2025-03-18T14:20:30.851925,Router,High Latency,1
2025-03-16T04:28:30.851932,DWDM,Link Failure,2
2025-03-17T22:51:30.851939,DWDM,Packet Loss,2
2025-03-17T06:15:30.851946,Server,Link Failure,2
2025-03-20T23:26:30.851953,Server,High Latency,2
2025-03-20T04:26:30.851961,DWDM,Link Failure,3
2025-03-14T18:33:30.851967,RAN,Packet Loss,2
2025-03-17T04:54:30.851972,DWDM,Packet Loss,4
2025-03-17T12:16:30.851977,Router,High Latency,3
2025-03-19T13:51:30.851982,DWDM,Link Failure,1
2025-03-18T08:40:30.851987,RAN,Link Failure,5
2025-03-18T16:01:30.851998,DWDM,Hardware Fault,3
2025-03-16T17:55:30.852003,RAN,Hardware Fault,2
2025-03-14T14:18:30.852008,DWDM,Packet Loss,2
2025-03-17T08:43:30.852013,Router,Link Failure,4
2025-03-18T09:55:30.852018,Switch,High Latency,2
2025-03-17T08:07:30.852023,RAN,Hardware Fault,1
2025-03-15T07:30:30.852028,Router,High Latency,3
2025-03-20T02:55:30.852033,RAN,Packet Loss,1
2025-03-20T01:37:30.852038,Router,Link Failure,1
2025-03-15T08:00:30.852044,Server,Hardware Fault,5
2025-03-18T03:27:30.852049,DWDM,High Latency,3
2025-03-16T17:07:30.852054,Server,Link Failure,4
2025-03-15T23:28:30.852059,RAN,High Latency,3
2025-03-15T02:33:30.852064,Router,Hardware Fault,5
2025-03-21T07:35:30.852068,Switch,High Latency,3
2025-03-17T11:28:30.852078,Router,Packet Loss,3
2025-03-19T23:58:30.852082,RAN,Link Failure,1
2025-03-16T08:57:30.852087,RAN,Link Failure,4
2025-03-17T09:24:30.852092,Server,Hardware Fault,2
2025-03-18T15:55:30.852097,Router,Link Failure,4
2025-03-15T20:01:30.852102,Server,Hardware Fault,4
2025-03-19T14:03:30.852107,Router,Link Failure,1
2025-03-15T04:29:30.852112,Switch,High Latency,4
2025-03-17T09:32:30.852117,Router,Link Failure,5
2025-03-17T02:02:30.852122,Server,Packet Loss,3
2025-03-20T21:36:30.852126,Switch,High Latency,3
2025-03-15T21:24:30.852131,Switch,Link Failure,2
2025-03-21T01:50:30.852136,Server,Hardware Fault,1
2025-03-17T14:36:30.852141,Server,Link Failure,5
2025-03-18T21:40:30.852147,DWDM,Link Failure,5
2025-03-20T18:16:30.852151,Switch,High Latency,2
2025-03-19T19:41:30.852156,Switch,High Latency,5
2025-03-21T06:34:30.852163,Router,Hardware Fault,3
2025-03-17T07:16:30.852167,DWDM,Link Failure,5
2025-03-14T12:40:30.852172,RAN,High Latency,5
2025-03-17T05:57:30.852177,Server,High Latency,1
2025-03-20T10:38:30.852182,RAN,High Latency,3
2025-03-20T22:34:30.852187,Router,Packet Loss,4
2025-03-18T15:51:30.852191,Router,High Latency,1
2025-03-18T15:01:30.852196,RAN,Packet Loss,3
2025-03-17T09:49:30.852201,Server,Hardware Fault,5
2025-03-14T14:58:30.852206,DWDM,Link Failure,1
2025-03-16T16:51:30.852213,DWDM,Packet Loss,4
2025-03-17T20:20:30.852218,RAN,High Latency,4
2025-03-20T22:37:30.852223,Switch,Packet Loss,4
2025-03-17T20:24:30.852227,DWDM,Hardware Fault,5
2025-03-17T07:01:30.852232,Server,Packet Loss,4
2025-03-20T15:01:30.852237,Switch,Packet Loss,1
2025-03-17T14:00:30.852242,Server,Packet Loss,4
2025-03-19T15:40:30.852247,Router,Packet Loss,5
2025-03-19T14:35:30.852252,DWDM,Hardware Fault,1
2025-03-17T12:48:30.852257,Server,Link Failure,3
2025-03-18T12:18:30.852262,Router,Hardware Fault,1
2025-03-15T00:11:30.852267,Switch,High Latency,3
2025-03-16T19:31:30.852272,Server,Link Failure,2
2025-03-18T00:41:30.852277,RAN,Packet Loss,4
2025-03-21T10:32:30.852282,Router,Packet Loss,1
2025-03-16T13:50:30.852288,Router,Link Failure,5
2025-03-18T15:53:30.852293,DWDM,High Latency,3
2025-03-17T09:00:30.852298,RAN,High Latency,2
2025-03-20T12:49:30.852303,RAN,Link Failure,3
2025-03-14T21:29:30.852308,Server,High Latency,2
2025-03-21T00:31:30.852312,Server,Hardware Fault,2
2025-03-19T11:50:30.852317,RAN,Hardware Fault,1
2025-03-21T00:59:30.852324,Server,Packet Loss,2
2025-03-19T17:42:30.852329,Switch,Link Failure,3
2025-03-18T02:19:30.852334,Router,Packet Loss,5
2025-03-20T10:20:30.852339,Router,Packet Loss,3
2025-03-19T16:52:30.852344,DWDM,High Latency,5
2025-03-16T03:07:30.852349,RAN,Hardware Fault,5
2025-03-17T22:13:30.852354,DWDM,Packet Loss,2
2025-03-20T20:44:30.852359,DWDM,Hardware Fault,3
2025-03-16T09:21:30.852364,DWDM,High Latency,2
2025-03-20T12:04:30.852369,Switch,High Latency,5
2025-03-16T20:26:30.852374,DWDM,Link Failure,2
2025-03-17T23:22:30.852378,Switch,Hardware Fault,5
2025-03-16T01:42:30.852383,Router,Packet Loss,1
2025-03-14T19:44:30.852388,Server,Hardware Fault,1
2025-03-14T22:47:30.852393,DWDM,Link Failure,2
2025-03-15T18:43:30.852398,Switch,Packet Loss,3
2025-03-16T16:04:30.852403,RAN,Packet Loss,3
2025-03-14T15:30:30.852408,Router,Packet Loss,1
2025-03-15T23:23:30.852413,DWDM,Packet Loss,2
2025-03-17T07:16:30.852418,Switch,Link Failure,5
2025-03-19T02:28:30.852422,Switch,Packet Loss,1
2025-03-15T00:22:30.852428,Router,Link Failure,4
2025-03-17T11:54:30.852433,DWDM,High Latency,4
2025-03-17T14:21:30.852438,Server,Link Failure,1
2025-03-16T21:17:30.852443,Switch,Hardware Fault,1
2025-03-20T02:43:30.852447,Router,High Latency,5
2025-03-20T00:58:30.852452,Switch,Link Failure,4
2025-03-19T02:17:30.852457,RAN,Hardware Fault,4
2025-03-14T17:00:30.852469,RAN,Link Failure,1
2025-03-20T23:01:30.852474,Server,Link Failure,1
2025-03-17T05:50:30.852479,RAN,Link Failure,5
2025-03-15T20:12:30.852484,Switch,Packet Loss,4
